<?xml version="1.0" encoding="UTF-8"?>
<!DOCTYPE bshfaultdiag PUBLIC "-//BSH//DTD DITA BSH Bshfaultdiag//EN" "bsh/bshfaultdiag.dtd" [
]>
<!--Arbortext, Inc., 1988-2007, v.4002--><?Pub Inc?><bshfaultdiag id="SL1227903">
<title id="SL1227904">Malfunctions</title>
<faultbody>
<embed-fault id="SL1227887"><?Pub Dtl?>

</embed-fault>
<embed-fault id="SL1227895"><?Pub Dtl?>

</embed-fault>
<embed-fault id="SL1260687"><?Pub Dtl?>

</embed-fault>
<embed-fault id="SL1227891"><?Pub Dtl?>

</embed-fault>
<embed-fault id="SL1227899"><?Pub Dtl?>

</embed-fault>
<embed-fault id="SL1235556"><?Pub Dtl?>

</embed-fault>
<embed-fault id="SL1304356">
</embed-fault><?Pub Caret1?>
<embed-fault id="SL1272576"><?Pub Dtl?>

</embed-fault>
<embed-fault id="SL1283761"><?Pub Dtl?>

</embed-fault>
</faultbody>
</bshfaultdiag>