<?xml version="1.0" encoding="UTF-8"?>
<!DOCTYPE bshtask PUBLIC "-//BSH//DTD DITA BSH Bshtask//EN" "bsh/bshtask.dtd" [
]>
<!--Arbortext, Inc., 1988-2007, v.4002--><?Pub EntList alpha bull copy rArr sect trade rarr?><bshtask id="SL1227692">
<goal id="SL1227693">Check the fan (<protected>iService</protected>)</goal>
<req-tools>
<req-tool><protected>Kit UDA </protected><article>00341247</article></req-tool>
<req-tool><protected>iService Software</protected></req-tool>
</req-tools>
<prerequisite>
<para>The appliance is not connected to the mains.</para>
</prerequisite>
<bshtaskbody>
<subtask>
<goal id="SL1253158">Check the operation of the fan</goal>
<hint>
<para>The fan cannot be checked by measuring its resistance because its electronics include a diode in series.</para>
</hint>
<action>
<step-bsh>Open the hob&apos;s <protected>iService</protected> connector cover, located in the lower front area.</step-bsh>
</action>
<action>
<step-bsh>Connect the <protected>UDA</protected> to the hob&apos;s <protected>iService</protected> connector.</step-bsh>
<simple-graphic>
<graphic id="SL1269343"></graphic></simple-graphic>
</action>
<action>
<step-bsh>Connect the <protected>UDA</protected> to the <protected>USB</protected> of the laptop computer.</step-bsh>
</action>
<action>
<step-bsh>Connect the appliance to the mains.</step-bsh>
</action>
<action>
<step-bsh>Open the program <protected>iService</protected>. Select <bold>&quot;<protected>iService-Control</protected>&quot;</bold>.</step-bsh>
</action>
<action>
<step-bsh>Switch on the fan.</step-bsh>
</action>
</subtask>
<subtask>
<goal id="SL1253160">Results obtained in <protected>iService</protected></goal>
<advance-organizer>
<table-block layout="layout_001">
<tgrid>
<tgroup cols="2">
<colspec colname="col1"></colspec>
<colspec colname="col2"></colspec>
<thead>
<row>
<entry valign="top">
<para><?Pub Caret1?><protected>iService</protected> result</para>
</entry>
<entry valign="top">
<para>Corrective action</para>
</entry>
</row>
</thead>
<tbody>
<row>
<entry>
<para>Fan working properly</para>
<simple-graphic>
<graphic id="SL1299612"></graphic></simple-graphic>
</entry>
<entry>
<para>The fan is working properly</para>
</entry>
</row>
<row>
<entry>
<para>Fan not connected</para>
<simple-graphic>
<graphic id="SL1299600"></graphic></simple-graphic>
</entry>
<entry>
<para>Open the hob and check the connection. If it is connected, replace the fan</para>
</entry>
</row>
<row>
<entry>
<para>Fan blocked (&quot;<protected>BL</protected>&quot;)</para>
<simple-graphic>
<graphic id="SL1299604"></graphic></simple-graphic>
</entry>
<entry>
<para>Make sure that there are no foreign objects blocking the fan and remove the cause of the blockage. If necessary, replace the fan.</para>
</entry>
</row>
<row>
<entry>
<para>Incorrect installation (&quot;<protected>BI</protected>&quot;)</para>
<simple-graphic>
<graphic id="SL1299608"></graphic></simple-graphic>
</entry>
<entry>
<para>The fan is rotating too quickly. This may be caused by insufficient ventilation. Check the installation, following the installation instructions.</para>
</entry>
</row>
</tbody>
</tgroup>
</tgrid>
<ttitle id="SL1253161">Result: iService check fan.</ttitle>
</table-block>
<hint>
<para>After using the <protected>iService</protected> , the <bold>connector cover</bold> of the appliance <bold>must be kept closed</bold>, to prevent the user from touching live parts.</para>
<para>If the plastic piece is broken, screw it into the base with the <article>00636639</article> screw.</para>
</hint>
</advance-organizer>
<action></action>
</subtask>
</bshtaskbody>
</bshtask>