<?xml version="1.0" encoding="UTF-8"?>
<!DOCTYPE bshdesc PUBLIC "-//BSH//DTD DITA BSH Bshdesc//EN" "bsh/bshdesc.dtd" [
]>
<!--Arbortext, Inc., 1988-2007, v.4002--><bshdesc id="SL1228314">
<title id="SL1228315">Warming plate element</title>
<bshdescbody>
<para>The warming plate element supplies a power of <tech-val> <value>90</value> <unit>w</unit> </tech-val> to <tech-val> <value>230</value> <unit>V</unit> </tech-val>.</para>
<para>Our appliances require that power to be reduced to <tech-val> <value>70</value> <unit>w</unit> </tech-val>.</para>
<para>To achieve <tech-val> <value>70</value> <unit>w</unit> </tech-val>, the switching on and off of the heating element is controlled (<protected>on / off</protected>).</para>
<para>The warming plate comes on for <tech-val> <value>7.7</value> <unit>seconds</unit> </tech-val> and goes off for <tech-val> <value>2.3</value> <unit>seconds</unit> </tech-val><?Pub Caret?>.</para>
<media>
<graphic-block>
<graphic id="SL1283699"></graphic>
<title-graphic id="SL1283704">Front and back view of the warming plate.</title-graphic>
</graphic-block>
</media>
</bshdescbody>
</bshdesc>