<?xml version="1.0" encoding="UTF-8"?>
<!DOCTYPE bshdesc PUBLIC "-//BSH//DTD DITA BSH Bshdesc//EN" "bsh/bshdesc.dtd" [
]>
<!--Arbortext, Inc., 1988-2007, v.4002--><bshdesc id="SL1228314">
<title id="SL1228315">Filter board</title>
<bshdescbody>
<para>The purpose of the filter board is to block any interference that occurs in the appliance so that it does not affect the mains supply.</para>
<para>The filter board is located between the input connection and the induction electronics (<protected>ELIN</protected>). The filter board allows the power supply to pass through unimpeded.</para>
<para><bold><?Pub Caret?>To work correctly, the filter board must be grounded. The ground is connected using a set screw.</bold></para>
<para>There are 2 main types of filter boards: a single filter board and a filter board with a power supply.</para>
<subdesc>
<title id="SL1299458">Single filter board (<protected>FB = Filter
Board</protected>).</title>
<para>Function:</para>
<list>
<list-entry>
<para>To block any mains interference caused by the appliance.</para>
</list-entry>
</list>
<media>
<graphic-block>
<graphic id="SL1299454"></graphic>
<title-graphic id="SL1299459">Diagram of a single filter board</title-graphic>
</graphic-block>
</media>
</subdesc>
<subdesc>
<title id="SL1299460">Filter board with power supply (<protected>FB_PS = Filter Board with Power Supply</protected>).</title>
<para>Functions:</para>
<list>
<list-entry>
<para>To block any mains interference caused by the appliance.</para>
</list-entry>
</list>
<list>
<list-entry>
<para>To supply the necessary power to the operating module and other auxiliary modules (cooking aid, <protected>HomeConnect</protected>).</para>
</list-entry>
</list>
<para>There are two types of filter boards with a power supply, according to their output power:</para>
<list>
<list-entry>
<para><protected>FB-PS07</protected> filter board (<tech-val> <value>7</value> <unit>w</unit> </tech-val>)</para>
<para><inline-graphic id="SL1298837"></inline-graphic></para>
</list-entry>
<list-entry>
<para><protected>FB-PS17</protected> filter board (<tech-val> <value>17</value> <unit>W</unit></tech-val>.)</para>
<para><inline-graphic id="SL1298841"></inline-graphic></para>
</list-entry>
</list>
</subdesc>
</bshdescbody>
</bshdesc>