<?xml version="1.0" encoding="UTF-8"?>
<!DOCTYPE warning PUBLIC "-//BSH//DTD DITA BSH Bshdesc//EN" "bsh/bshdesc.dtd" [
]>
<!--Arbortext, Inc., 1988-2007, v.4002--><warning category="electrical-voltage" type="danger">
<source-of-danger>Risk of electric shock from exposed live parts <?Pub Caret?> when the appliance is disconnected!</source-of-danger>
<step-bsh>Disconnect the appliance from the power supply at least <tech-val><value>60</value> <unit>seconds</unit></tech-val> before starting the work.</step-bsh>
</warning>