<?xml version="1.0" encoding="UTF-8"?>
<!DOCTYPE bshdesc PUBLIC "-//BSH//DTD DITA BSH Bshdesc//EN" "bsh/bshdesc.dtd" [
]>
<!--Arbortext, Inc., 1988-2007, v.4002--><bshdesc id="SL1228314">
<title id="SL1228315"><protected>(ELIN)</protected> induction electronics</title>
<bshdescbody>
<subdesc>
<title id="SL1228323">Features</title>
<para>There are significant improvements and design changes in the new induction electronics of the <protected>IH6.2</protected> platform:</para>
<list>
<list-entry>
<para>Symmetrical design of the base plate. The same base plate can be used to manufacture a left or right <protected>ELIN</protected>.</para>
</list-entry>
</list>
<list>
<list-entry>
<para>The filter stage is in a separate module.</para>
</list-entry>
</list>
<list>
<list-entry>
<para>There are no longer any auxiliary relay modules for the <protected>32T</protected> inductor or <protected>Vector</protected><?Pub Caret?>.</para>
</list-entry>
</list>
<list>
<list-entry>
<para>Powered through the filter board.</para>
</list-entry>
</list>
<media>
<graphic-block>
<graphic id="SL1294441"></graphic>
<title-graphic id="SL1294442">Example of the architecture of a <protected>IH6.2</protected> hob</title-graphic>
</graphic-block>
</media>
</subdesc>
<subdesc>
<title id="SL1235687">Types</title>
<para>There are different versions of the hob, depending on the layout of the appliance. However, visually, these are the two main types:</para>
<list>
<list-entry>
<para>Standard <protected>ELIN</protected> (&quot;<protected>Power Board</protected>&quot;) to power single ring inductors. This is narrower.</para>
<para><inline-graphic id="SL1298820"></inline-graphic></para>
</list-entry>
</list>
<list>
<list-entry>
<para>Extended <protected>ELIN</protected> (&quot;<protected>Vector Board</protected>&quot;) for oval inductors (&quot;<protected>Vector</protected>&quot;) and multiple ring inductors (&quot;<protected>32T</protected>&quot;, triple paella pan of <tech-val> <value>32</value> <unit>cm</unit> </tech-val>). This is wider because the necessary additional relays are integrated on the side. With this new design, there is no longer any need for the auxiliary relay modules used in the previous generation, <protected>IH6.1</protected>.</para>
<para><inline-graphic id="SL1298824"></inline-graphic></para>
</list-entry>
</list>
</subdesc>
<subdesc>
<title id="SL1235688">Functions</title>
<list>
<list-entry>
<para><bold>Power supply</bold> function:</para>
<para>Each <protected>ELIN</protected> comes with a power supply to power the electronic components (microcontrollers, relays etc.) and the fan.</para>
</list-entry>
</list>
<list>
<list-entry>
<para><bold>Regulating</bold> function:</para>
<para>The <protected>ELIN</protected> regulates the power of the inductors using the <protected>IGBTs</protected>, according to the size and quality of the pot, the input voltage and the temperature of the <protected>IGBTs</protected>. The <protected>ELIN</protected> coordinates the signals that the user sends from the control panel with the different induction zones.</para>
</list-entry>
</list>
<list>
<list-entry>
<para><bold>Communication</bold> function:</para>
<para>The <protected>ELIN</protected> returns the status of the inductor. For example, if the pot is not detected, the chosen power flashes. The <protected>ELIN</protected> indicates any alerts or errors. </para>
<para>The <protected>ELIN</protected> communicates with the <protected>touchControl</protected> and the other <protected>ELIN</protected> via the 4-wire <protected>DBUS2</protected> connector.</para>
</list-entry>
</list>
</subdesc>
</bshdescbody>
</bshdesc>