<?xml version="1.0" encoding="UTF-8"?>
<!DOCTYPE bshtask PUBLIC "-//BSH//DTD DITA BSH Bshtask//EN" "bsh/bshtask.dtd" [
]>
<!--Arbortext, Inc., 1988-2007, v.4002--><bshtask id="SL1228117">
<goal id="SL1228118">Disassembly / Assembly of the cooking aid module (<protected>bluetooth YL245</protected> module)</goal>
<bshtaskbody>
<subtask>
<goal id="SL1259595">Disassembly of cooking aid module</goal>
<prerequisite>
<list>
<list-entry>
<para>The appliance has to be disconnected from the mains.</para>
</list-entry>
<list-entry>
<para>The appliance has been removed from the worktop.</para>
</list-entry>
</list>
</prerequisite>
<embed-warning id="SL1295493">

</embed-warning>
<embed-warning id="SL1296859">

</embed-warning>
<action>
<maintenance-link id="SL1289450"><?Pub Caret?>Remove the glass-ceramic.</maintenance-link>
</action>
<action>
<step-bsh>Remove the connector from the cooking aid module.</step-bsh>
<simple-graphic>
<graphic id="SL1289454"></graphic></simple-graphic>
</action>
<action>
<step-bsh>Release the module from the mounting clips.</step-bsh>
<simple-graphic>
<graphic id="SL1289455"></graphic></simple-graphic>
</action>
<action>
<step-bsh>Remove the module.</step-bsh>
<simple-graphic>
<graphic id="SL1289456"></graphic></simple-graphic>
</action>
</subtask>
<subtask>
<goal id="SL1259596">Assembly of cooking aid module</goal>
<action>
<step-bsh>Follow the disassembly instructions in reverse order.</step-bsh>
</action>
<action>
<condstep>
<condition>If the appliance&apos;s operating <desc-link id="SL1311892">module has a TFT screen or Neff TwistPad,</desc-link></condition>
<step-bsh>It must <bold>ALWAYS be calibrated</bold> after any repairs, with the glass fitted and the appliance installed in its place. Requirement tool: for <protected>TFT</protected> <article>15000283</article>.</step-bsh>
<step-bsh>See circuit diagram &quot;Error codes and service programmes (<protected>ASP</protected>)&quot; in <protected>QuickFinder</protected>.</step-bsh>
</condstep>
</action>
<action>
<condstep>
<condition>If the appliance has a <desc-link id="SL1311897">PDS detection system,</desc-link></condition>
<step-bsh>It must <bold>ALWAYS be calibrated</bold> after any repairs, with the glass fitted and the appliance installed in its place. The glass should not be hot and there should be no pots or other objects on the glass.</step-bsh>
<step-bsh>See circuit diagram &quot;Error codes and service programmes (<protected>ASP</protected>)&quot; in <protected>QuickFinder</protected>.</step-bsh>
</condstep>
</action>
</subtask>
</bshtaskbody>
</bshtask>