<?xml version="1.0" encoding="UTF-8"?>
<!DOCTYPE bshdesc PUBLIC "-//BSH//DTD DITA BSH Bshdesc//EN" "bsh/bshdesc.dtd" [
]>
<!--Arbortext, Inc., 1988-2007, v.4002--><bshdesc id="SL1228314">
<title id="SL1228315">Versions / Layouts</title>
<bshdescbody>
<table-block layout="layout_001">
<tgrid pagelayout="column">
<tgroup cols="3">
<colspec colname="col1"></colspec>
<colspec colname="col2"></colspec>
<colspec colname="col3"></colspec>
<thead>
<row>
<entry valign="top">
<para><bold>Size</bold></para>
</entry>
<entry valign="top">
<para><bold>Layout cooking zones</bold></para>
</entry>
<entry valign="top">
<para><bold>Picture</bold></para>
</entry>
</row>
</thead>
<tbody>
<row>
<entry morerows="1" rowsep="1">
<para>Domino <bold><tech-val> <value>30</value><unit>cm</unit> </tech-val> </bold></para>
</entry>
<entry>
<para>150-210 / 180-180</para>
</entry>
<entry>
<para>1</para>
</entry>
</row>
<row>
<entry>
<para>V210 / V230</para>
</entry>
<entry>
<para>2</para>
</entry>
</row>
<row>
<entry morerows="13" rowsep="1">
<para><bold><tech-val> <value>60</value> <unit>cm</unit> </tech-val> / <tech-val> <value>70</value> <unit>cm</unit> </tech-val></bold></para>
</entry>
<entry>
<para>2xV230</para>
</entry>
<entry>
<para>3</para>
</entry>
</row>
<row>
<entry>
<para>280-150-210</para>
</entry>
<entry>
<para>4</para>
</entry>
</row>
<row>
<entry>
<para>240-150-180</para>
</entry>
<entry>
<para>5</para>
</entry>
</row>
<row>
<entry>
<para>280-180-180C</para>
</entry>
<entry>
<para>6</para>
</entry>
</row>
<row>
<entry>
<para>2x230V + 5&ordm;V</para>
</entry>
<entry>
<para>7</para>
</entry>
</row>
<row>
<entry>
<para>320-150-210</para>
</entry>
<entry>
<para>8</para>
</entry>
</row>
<row>
<entry>
<para>180-210V</para>
</entry>
<entry>
<para>9</para>
</entry>
</row>
<row>
<entry>
<para>230-150-210V</para>
</entry>
<entry>
<para>10</para>
</entry>
</row>
<row>
<entry>
<para>150-180-150-180</para>
</entry>
<entry>
<para>11</para>
</entry>
</row>
<row>
<entry>
<para>180-180-150-210</para>
</entry>
<entry>
<para>12</para>
</entry>
</row>
<row>
<entry>
<para>180-180Br-150-210</para>
</entry>
<entry>
<para>13</para>
</entry>
</row>
<row>
<entry>
<para>150-180Br-150-210</para>
</entry>
<entry>
<para>14</para>
</entry>
</row>
<row>
<entry>
<para>210-210C-150-180</para>
</entry>
<entry>
<para>15</para>
</entry>
</row>
<row>
<entry>
<para>180-180C-150-210</para>
</entry>
<entry>
<para>16</para>
</entry>
</row>
<row>
<entry morerows="10" rowsep="1">
<para><bold><tech-val> <value>80</value> <unit>cm</unit> </tech-val></bold></para>
</entry>
<entry>
<para>V230-280-150</para>
</entry>
<entry>
<para>17</para>
</entry>
</row>
<row>
<entry>
<para>210-150-280-150</para>
</entry>
<entry>
<para>18</para>
</entry>
</row>
<row>
<entry>
<para>210-210C-280-150</para>
</entry>
<entry>
<para>19</para>
</entry>
</row>
<row>
<entry>
<para>180-180C-280-150</para>
</entry>
<entry>
<para>20</para>
</entry>
</row>
<row>
<entry>
<para>2xV230 + 5V</para>
</entry>
<entry>
<para>21</para>
</entry>
</row>
<row>
<entry>
<para>180-150-240-150-210</para>
</entry>
<entry>
<para>22</para>
</entry>
</row>
<row>
<entry>
<para>180-180Br-150-210-WP</para>
</entry>
<entry>
<para>23</para>
</entry>
</row>
<row>
<entry>
<para>150-180Br-150-210-WP</para>
</entry>
<entry>
<para>24</para>
</entry>
</row>
<row>
<entry>
<para>180-150-240-V210</para>
</entry>
<entry>
<para>25</para>
</entry>
</row>
<row>
<entry>
<para>180-150-240-210-210C</para>
</entry>
<entry>
<para>26</para>
</entry>
</row>
<row>
<entry>
<para>180-150-240-180-180C</para>
</entry>
<entry>
<para>27</para>
</entry>
</row>
<row>
<entry morerows="2" rowsep="1">
<para><bold><tech-val> <value>90</value> <unit>cm</unit> </tech-val></bold></para>
</entry>
<entry>
<para>180-180-320-150-210</para>
</entry>
<entry>
<para>28</para>
</entry>
</row>
<row>
<entry>
<para>320-2xV230</para>
</entry>
<entry>
<para>29</para>
</entry>
</row>
<row>
<entry>
<para>3xV230</para>
</entry>
<entry>
<para>30</para>
</entry>
</row>
<row>
<entry morerows="3" rowsep="1">
<para><bold><tech-val> <value>90</value> <unit>cm</unit> </tech-val> <protected>Panoramic</protected></bold></para>
</entry>
<entry>
<para>2xV210</para>
</entry>
<entry>
<para>31</para>
</entry>
</row>
<row>
<entry>
<para>180-180-150-210</para>
</entry>
<entry>
<para>32</para>
</entry>
</row>
<row>
<entry>
<para>280-V210</para>
</entry>
<entry>
<para>33</para>
</entry>
</row>
<row>
<entry>
<para>280-150-210</para>
</entry>
<entry>
<para>34</para>
</entry>
</row>
</tbody>
</tgroup>
</tgrid>
<ttitle id="SL1251314">Versions with different layouts, based on the cooking zone</ttitle>
</table-block>
<list>
<list-entry>
<para>&quot;<protected>V</protected>&quot; means <protected>Vector</protected> inductor (or <protected>Flex</protected>).</para>
</list-entry>
<list-entry>
<para>&quot;<protected>WP</protected>&quot; means warming plate.</para>
</list-entry><?Pub Caret1?>
<list-entry>
<para>&quot;<protected>C</protected>&quot; means combi hob.</para>
</list-entry>
<list-entry>
<para>&quot;<protected>Br</protected>&quot; means roaster inductor (&quot;<protected>Bräter</protected>&quot;)</para>
</list-entry>
</list>
<subdesc>
<title id="SL1228323">Layout of inductors in <tech-val> <value>30</value> <unit>cm</unit> </tech-val> hobs (<protected>Dominó</protected>)</title>
<media>
<graphic-block>
<graphic id="SL1297462"></graphic>
<title-graphic id="SL1297506">Layout of inductors in <tech-val> <value>30</value> <unit>cm</unit> </tech-val> hobs</title-graphic>
</graphic-block>
</media>
</subdesc>
<subdesc>
<title id="SL1235687">Layout of inductors in <tech-val> <value>60/70</value> <unit>cm</unit> </tech-val> hobs</title>
<media>
<graphic-block>
<graphic id="SL1297467"></graphic>
<title-graphic id="SL1297507">Layout of inductors in <tech-val> <value>60/70</value> <unit>cm</unit> </tech-val> hobs</title-graphic>
</graphic-block>
</media>
<media>
<graphic-block>
<graphic id="SL1297475"></graphic>
<title-graphic id="SL1297508">Layout of inductors in <tech-val> <value>60/70</value> <unit>cm</unit> </tech-val> hobs</title-graphic>
</graphic-block>
</media>
</subdesc>
<subdesc>
<title id="SL1241606">Layout of inductors in <tech-val> <value>80</value> <unit>cm</unit> </tech-val> hobs</title>
<media>
<graphic-block>
<graphic id="SL1297480"></graphic>
<title-graphic id="SL1297509">Layout of inductors in <tech-val> <value>80</value> <unit>cm</unit> </tech-val> hobs</title-graphic>
</graphic-block>
</media>
<media>
<graphic-block>
<graphic id="SL1297488"></graphic>
<title-graphic id="SL1297510">Layout of inductors in <tech-val> <value>80</value> <unit>cm</unit> </tech-val> hobs</title-graphic>
</graphic-block>
</media>
</subdesc>
<subdesc>
<title id="SL1235688">Layout of inductors in <tech-val> <value>90</value> <unit>cm</unit> </tech-val> hobs</title>
<media>
<graphic-block>
<graphic id="SL1297493"></graphic>
<title-graphic id="SL1297511">Layout of inductors in <tech-val> <value>90</value> <unit>cm</unit> </tech-val> hobs</title-graphic>
</graphic-block>
</media>
</subdesc>
<subdesc>
<title id="SL1235689">Layout of inductors in <tech-val> <value>90</value> <unit>cm</unit> </tech-val> panoramic hobs</title>
<media>
<graphic-block>
<graphic id="SL1297498"></graphic>
<title-graphic id="SL1297512">Layout of inductors in <tech-val> <value>90</value> <unit>cm</unit> </tech-val> panoramic hobs</title-graphic>
</graphic-block>
</media>
</subdesc>
</bshdescbody>
</bshdesc>