<?xml version="1.0" encoding="UTF-8"?>
<!DOCTYPE fault PUBLIC "-//BSH//DTD DITA BSH Bshfaultdiag//EN" "bsh/bshfaultdiag.dtd" [
]>
<!--Arbortext, Inc., 1988-2007, v.4002--><fault>
<faultdesc>Noise at high power</faultdesc>
<causes>
<cause>
<para>Induction heating technology is based on creating electronic fields which ensure that heat is generated directly at the base of the pot.</para>
<para>Depending on what the pot is made of, these magnetic fields may cause certain noises or vibrations.</para>
</cause>
<procedure>
<customer-info>
<para>In the instruction manual, you can find information about normal operating noises and the recommended pots for induction.</para>
</customer-info>
</procedure>
</causes><?Pub Caret1?>
</fault>