<?xml version="1.0" encoding="UTF-8"?>
<!DOCTYPE bshfaultdiag PUBLIC "-//BSH//DTD DITA BSH Bshfaultdiag//EN" "bsh/bshfaultdiag.dtd" [
]>
<!--Arbortext, Inc., 1988-2007, v.4002--><bshfaultdiag id="SL1227914">
<title id="SL1227915">Other faults</title>
<faultbody>
<embed-fault id="SL1227910"><?Pub Dtl?>

</embed-fault>
<embed-fault id="SL1235590"><?Pub Dtl?>

</embed-fault>
<embed-fault id="SL1260074"><?Pub Dtl?>

</embed-fault>
<embed-fault id="SL1300906"><?Pub Dtl?>
</embed-fault>
<embed-fault id="SL1300910">
</embed-fault><?Pub Caret1?>
</faultbody>
</bshfaultdiag><?Pub *0000001646?>