<?xml version="1.0" encoding="UTF-8"?>
<!DOCTYPE bshdesc PUBLIC "-//BSH//DTD DITA BSH Bshdesc//EN" "bsh/bshdesc.dtd" [
]>
<!--Arbortext, Inc., 1988-2007, v.4002--><bshdesc id="SL1228314">
<title id="SL1228315">Appliance model identification</title>
<bshdescbody>
<subdesc>
<title id="SL1235687">Printed lettering of the model on the glass</title>
<para>The model (without <protected>KI</protected>) is printed on the glass so that it can be identified by the customer. Its position varies, depending on the brand and type of appliance.</para>
<table-block layout="layout_001">
<tgrid>
<tgroup align="left" cols="2">
<colspec align="center" colname="col1"></colspec>
<colspec colname="col2"></colspec>
<thead>
<row>
<entry valign="middle">
<para><bold>BRAND</bold></para>
</entry>
<entry align="center" valign="middle">
<para><bold>POSITION OF THE MODEL ON THE GLASS</bold></para>
</entry>
</row>
</thead>
<tbody>
<row>
<entry>
<para>BOSCH</para>
</entry>
<entry>
<para>Top left corner</para>
<para>(except on panoramic vector hobs, where it is in the centre)</para>
</entry>
</row>
<row>
<entry>
<para>SIEMENS</para>
</entry>
<entry>
<para>In the upper central part</para>
</entry>
</row>
<row>
<entry>
<para>NEFF</para>
</entry>
<entry>
<para>Top left corner, after the logo of the glass manufacturer</para>
</entry>
</row>
<row>
<entry>
<para>GAGGENAU</para>
</entry>
<entry>
<para>Top left corner, after the logo of the glass manufacturer</para>
</entry>
</row>
<row>
<entry>
<para>BALAY</para>
</entry>
<entry>
<para>Top left corner</para>
</entry>
</row>
<row>
<entry>
<para>CONSTRUCTA</para>
</entry>
<entry>
<para>Top left corner, after the logo of the glass manufacturer</para>
</entry>
</row>
<row>
<entry>
<para>JUNKER</para>
</entry>
<entry>
<para>Top left corner</para>
</entry>
</row>
<row>
<entry>
<para>VIVA</para>
</entry>
<entry>
<para>Top left corner</para>
</entry>
</row>
<row>
<entry>
<para>BLAUPUNKT</para>
</entry>
<entry>
<para>Top left corner</para>
</entry>
</row>
</tbody>
</tgroup>
</tgrid>
<ttitle id="SL1249596">Model position on the glass by brand</ttitle>
</table-block>
<para>The pictures below show examples for the different brands.</para>
<media>
<graphic-block>
<graphic id="SL1235759"></graphic>
<title-graphic id="SL1235760">Example of model position on glass for Bosch brand</title-graphic>
</graphic-block>
</media>
<media>
<graphic-block>
<graphic id="SL1249584"></graphic>
<title-graphic id="SL1249597">Example of model position on glass for Siemens brand</title-graphic>
</graphic-block>
</media>
<media>
<graphic-block>
<graphic id="SL1249588"></graphic>
<title-graphic id="SL1249598">Example of model position on glass for Neff brand</title-graphic>
</graphic-block>
</media>
<media>
<graphic-block>
<graphic id="SL1249592"></graphic>
<title-graphic id="SL1249599">Example of model position on glass for Gaggenau brand</title-graphic>
</graphic-block>
</media>
</subdesc>
<subdesc>
<title id="SL1228323"><protected>KI</protected> and <protected>FD</protected> using the control panel</title>
<para>You can use the control panel to display the appliance&apos;s <protected>KI</protected> and <protected>FD</protected>, in the <bold>&quot;basic settings&quot;</bold>. The first four displays shown the product information.</para>
<table-block layout="layout_001">
<tgrid>
<tgroup cols="2">
<colspec colname="col1"></colspec>
<colspec colname="col2"></colspec>
<tbody>
<row>
<entry>
<para>Product information</para>
</entry>
<entry>
<para>Display</para>
</entry>
</row>
<row>
<entry>
<para>Technical Support Index (<protected>KI</protected>)</para>
</entry>
<entry>
<para><display>01</display></para>
</entry>
</row>
<row>
<entry>
<para>Production number</para>
</entry>
<entry>
<para><display>Fd</display></para>
</entry>
</row>
<row>
<entry>
<para>Production number 1</para>
</entry>
<entry>
<para><display>95.</display></para>
</entry>
</row>
<row>
<entry>
<para>Production number 2</para>
</entry>
<entry>
<para><display>0.<?Pub Caret?>5</display></para>
</entry>
</row>
</tbody>
</tgroup>
</tgrid>
<ttitle id="SL1257715">Example of display for a KI/01 and FD9505 appliance</ttitle>
</table-block>
</subdesc>
<subdesc>
<title id="SL1257716">Passport of the appliance</title>
<para>A set of documents are supplied inside the appliance, with a pink passport. A copy of the rating plate is glued inside this document.</para>
<media>
<graphic-block>
<graphic id="SL1265571"></graphic>
<title-graphic id="SL1265575">Example of passport with rating plate.</title-graphic>
</graphic-block>
</media>
</subdesc>
<subdesc>
<title id="SL1257720">Rating plate</title>
<para>The rating plate is glued onto the bottom of the appliance.</para>
<media>
<graphic-block>
<graphic id="SL1265567"></graphic>
<title-graphic id="SL1265576">Location of the rating plate on the bottom of the appliance.</title-graphic>
</graphic-block>
</media>
</subdesc>
</bshdescbody>
</bshdesc>