<?xml version="1.0" encoding="UTF-8"?>
<!DOCTYPE bshtask PUBLIC "-//BSH//DTD DITA BSH Bshtask//EN" "bsh/bshtask.dtd" [
]>
<!--Arbortext, Inc., 1988-2007, v.4002--><bshtask id="SL1228113">
<goal id="SL1228114">Disassembly / Assembly of inductor</goal>
<bshtaskbody>
<subtask>
<goal id="SL1228252">Disassembly of the inductor</goal>
<req-tools>
<req-tool>Conductive silicone <article>00618647</article></req-tool>
</req-tools>
<prerequisite>
<list>
<list-entry>
<para>The appliance has to be disconnected from the mains.</para>
</list-entry>
<list-entry>
<para>The appliance has been removed from the worktop.</para>
</list-entry>
</list>
</prerequisite>
<embed-warning id="SL1295507">

</embed-warning>
<embed-warning id="SL1295511">

</embed-warning>
<action>
<maintenance-link id="SL1284539">Remove the glass-ceramic.</maintenance-link>
</action>
<action>
<step-bsh>Remove the corner guards. These guards are only used if the glass has an inner coating.</step-bsh>
<simple-graphic>
<graphic id="SL1284547"></graphic></simple-graphic>
</action>
<action>
<maintenance-link id="SL1311702">Disconnect the cooking aid module.</maintenance-link>
</action>
<action>
<maintenance-link id="SL1284654">Remove the operating module.</maintenance-link>
<simple-graphic>
<graphic id="SL1284670"></graphic></simple-graphic>
</action>
<action>
<step-bsh>Release the inductors from their fastener with a small twist.</step-bsh>
<simple-graphic>
<graphic id="SL1284671"></graphic></simple-graphic>
</action>
<action>
<step-bsh>Remove the inductors on the sides.</step-bsh>
<simple-graphic>
<graphic id="SL1289432"></graphic></simple-graphic>
<simple-graphic>
<graphic id="SL1285983"></graphic></simple-graphic>
</action>
<action>
<step-bsh>Remove the aluminium plate</step-bsh>
<simple-graphic>
<graphic id="SL1285987"></graphic></simple-graphic>
</action>
<action>
<step-bsh>Release the wires from the cable tie (depending on version).</step-bsh>
<simple-graphic>
<graphic id="SL1284672"></graphic></simple-graphic>
</action>
<action>
<step-bsh>Disconnect the inductors&apos; <protected>NTC</protected> in the <protected>ELIN</protected>.</step-bsh>
<simple-graphic>
<graphic id="SL1284673"></graphic></simple-graphic>
</action>
<action>
<step-bsh>Disconnect the power wires in the <protected>ELIN</protected>. The ring inductors are screwed (<protected>Torx T20</protected>) into the <protected>ELIN</protected>. The <protected>Vector</protected> inductors are connected using a <protected>Faston.</protected></step-bsh>
<simple-graphic>
<graphic id="SL1284674"></graphic></simple-graphic>
<simple-graphic>
<graphic id="SL1289445"></graphic></simple-graphic>
</action>
</subtask>
<subtask>
<goal id="SL1228253">Assembly of the inductor</goal>
<notice>
<source-of-danger>Damage to the <protected>NTC</protected> wires!</source-of-danger>
<step-bsh>The wires should not be pulled tight over the edge of the aluminium plate.</step-bsh>
<step-bsh>The wires should not be trapped between the inductor housing and the aluminium plate.</step-bsh>
<step-bsh>The wires should not be trapped between the frame and the aluminium plate.</step-bsh>
</notice>
<notice>
<source-of-danger>Malfunction due to lack of conductive silicone!</source-of-danger>
<step-bsh>When replacing the inductor, apply <article>00618647</article> conductive silicone on the <protected>NTC</protected> sensor.</step-bsh>
</notice>
<action>
<step-bsh>Follow the disassembly instructions in reverse order.</step-bsh>
</action>
<action>
<condstep>
<condition>For <bold><tech-val> <value>80</value> <unit>cm</unit></tech-val></bold> hobs with <bold>150 mm inductors on the upper left side</bold>, ensure that they are in the correct position:</condition>
<step-bsh>With the <bold>number 4</bold> visible on the label on the aluminium base, if the plate has <bold>4 inductors</bold>.</step-bsh>
<step-bsh>With the <bold>number 5</bold> visible on the label on the aluminium base, if the plate has <bold>5 inductors</bold>. </step-bsh>
</condstep>
</action>
<action>
<condstep>
<condition>If the appliance&apos;s operating <desc-link id="SL1311909">module has a TFT screen or Neff TwistPad,</desc-link></condition>
<step-bsh>It must <bold>ALWAYS be calibrated</bold> after any repairs, with the glass fitted and the appliance installed in its place. Requirement tool: for <protected>TFT</protected> <article>15000283</article>.</step-bsh>
<step-bsh>See circuit diagram &quot;Error codes and service programmes (<protected>ASP</protected>)&quot; in <protected>QuickFinder</protected>.</step-bsh>
</condstep>
</action>
<action>
<condstep>
<condition>If the appliance has a <desc-link id="SL1311914"><?Pub Caret?>PDS detection system,</desc-link></condition>
<step-bsh>It must <bold>ALWAYS be calibrated</bold> after any repairs, with the glass fitted and the appliance installed in its place. The glass should not be hot and there should be no pots or other objects on the glass.</step-bsh>
<step-bsh>See circuit diagram &quot;Error codes and service programmes (<protected>ASP</protected>)&quot; in <protected>QuickFinder</protected>.</step-bsh>
</condstep>
</action>
</subtask>
</bshtaskbody>
</bshtask>