<?xml version="1.0" encoding="UTF-8"?>
<!DOCTYPE fault PUBLIC "-//BSH//DTD DITA BSH Bshfaultdiag//EN" "bsh/bshfaultdiag.dtd" [
]>
<!--Arbortext, Inc., 1988-2007, v.4002--><fault>
<faultdesc>The wireless cooking sensor is not switching on</faultdesc>
<causes>
<cause>
<para>Worn-out battery</para>
</cause>
<procedure>
<proced-action>
<step-bsh>Replace the battery, following the instructions in the instruction manual (CR2032 battery).</step-bsh>
</proced-action>
<proced-action>
<condstep>
<condition>If fail still persists</condition>
<step-bsh>Hold down the button of the wireless cooking sensor for 8 seconds and switch on the hob again.</step-bsh>
</condstep>
</proced-action>
<proced-action>
<step-bsh>If this does not work, replace the wireless sensor.</step-bsh>
</proced-action>
</procedure>
</causes>
<causes>
<cause>
<para>Sensor damaged by dishwashing.</para>
</cause>
<procedure>
<customer-info>
<para>The wireless sensor must not be placed inside a dishwasher, as indicated in the instructions for use.</para>
</customer-info>
<proced-action>
<step-bsh>Open up the sensor to check for any remains of food showing that it has been washed in a dishwasher.</step-bsh>
</proced-action>
<proced-action><?Pub Caret?>
<step-bsh>Replace the wireless sensor.</step-bsh>
</proced-action>
</procedure>
</causes>
</fault>