<?xml version="1.0" encoding="UTF-8"?>
<!DOCTYPE bshtask PUBLIC "-//BSH//DTD DITA BSH Bshtask//EN" "bsh/bshtask.dtd" [
]>
<!--Arbortext, Inc., 1988-2007, v.4002--><bshtask id="SL1227692">
<goal id="SL1227693">Check the filter board with power supply</goal>
<req-tools>
<req-tool>Digital multimeter <article>00340944</article> (or country-specific one) </req-tool>
</req-tools>
<prerequisite>
<list>
<list-entry>
<para>Appliance not connected to the mains.</para>
</list-entry>
</list>
<list>
<list-entry>
<para>Glass-ceramic removed.</para>
</list-entry>
</list>
<list>
<list-entry>
<para>Operating module removed.</para>
</list-entry>
</list>
<list>
<list-entry>
<para>Inductors removed from the housing.</para>
</list-entry>
</list>
<list>
<list-entry>
<para>Inductor housing removed.</para>
</list-entry>
</list>
</prerequisite>
<embed-warning id="SL1293962">

</embed-warning>
<embed-warning id="SL1293966">

</embed-warning>
<bshtaskbody>
<action>
<maintenance-link id="SL1293970"><?Pub Caret?>Remove the filter board.</maintenance-link>
</action>
<action>
<step-bsh>Check the condition of the fuse track.</step-bsh>
<simple-graphic>
<graphic id="SL1249657"></graphic></simple-graphic>
<simple-graphic>
<graphic id="SL1249658"></graphic></simple-graphic>
<result-bsh>
<para>If the fuse track is damaged, replace the filter board.</para>
</result-bsh>
</action>
<action>
<condstep>
<condition>If the appliance&apos;s operating <desc-link id="SL1311848">module has a TFT screen or Neff TwistPad,</desc-link> </condition>
<step-bsh>It must <bold>ALWAYS be calibrated</bold> after any repairs, with the glass fitted and the appliance installed in its place. Requirement tool: for <protected>TFT</protected> <article>15000283</article>.</step-bsh>
<step-bsh>See circuit diagram &quot;Error codes and service programmes (<protected>ASP</protected>)&quot; in <protected>QuickFinder</protected>.</step-bsh>
</condstep>
</action>
<action>
<condstep>
<condition>If the appliance has a <desc-link id="SL1311853">PDS detection system,</desc-link></condition>
<step-bsh>It must <bold>ALWAYS be calibrated</bold> after any repairs, with the glass fitted and the appliance installed in its place. The glass should not be hot and there should be no pots or other objects on the glass.</step-bsh>
<step-bsh>See circuit diagram &quot;Error codes and service programmes (<protected>ASP</protected>)&quot; in <protected>QuickFinder</protected>.</step-bsh>
</condstep>
</action>
</bshtaskbody>
</bshtask>