<?xml version="1.0" encoding="UTF-8"?>
<!DOCTYPE bshtask PUBLIC "-//BSH//DTD DITA BSH Bshtask//EN" "bsh/bshtask.dtd" [
]>
<!--Arbortext, Inc., 1988-2007, v.4002--><?Pub EntList alpha bull copy rArr sect trade ohm?><bshtask id="SL1227692">
<goal id="SL1227693">Check the inductor</goal>
<req-tools>
<req-tool>Digital multimeter <article>00340944</article> (or country-specific one).</req-tool>
</req-tools>
<prerequisite>
<list>
<list-entry>
<para>Appliance is disconnected from the mains.</para>
</list-entry>
</list>
<list>
<list-entry>
<para>Glass-ceramic removed.</para>
</list-entry>
</list>
</prerequisite>
<embed-warning id="SL1296844">

</embed-warning>
<embed-warning id="SL1293975">

</embed-warning>
<bshtaskbody>
<action>
<maintenance-link id="SL1293979"><?Pub Caret?>Remove inductor.</maintenance-link>
</action>
<action>
<step-bsh>Remove the mica sheet, being careful not to damage it. The mica sheet is stuck onto the<bold><tech-val> <value>150</value> <unit>mm</unit> </tech-val></bold> inductors, the <bold>oval inductor</bold>s and the <bold>roaster inductors (&quot;<protected>Bräter</protected>&quot;)</bold>and if it is fully removed it cannot be stuck back on.</step-bsh>
</action>
<action>
<step-bsh>Make sure that no coils have come out of the inductor housing.</step-bsh>
</action>
<action>
<step-bsh>Make sure that the bracket&apos;s spacers are not burnt (the ones protruding from the bracket, next to the central <protected>NTC</protected>).</step-bsh>
</action>
<action>
<condstep>
<condition>If any area of the inductor is burnt,</condition>
<step-bsh>Replace the inductor.</step-bsh>
</condstep>
<simple-graphic>
<graphic id="SL1252588"></graphic></simple-graphic>
</action>
<action>
<step-bsh>Make sure that all of the ferrites are stuck onto the underside of the inductor and are not broken.</step-bsh>
<simple-graphic>
<graphic id="SL1290488"></graphic></simple-graphic>
</action>
<action>
<condstep>
<condition>If there is a loose or broken ferrite,</condition>
<step-bsh>Replace the inductor.</step-bsh>
</condstep>
</action>
<action>
<step-bsh>Measure the resistance <bold>with the inductor disconnected.</bold> If it has more than one inductor (triple inductors and <protected>Bräter</protected>) measure each inductor separately.</step-bsh>
<result-bsh>
<para>If <protected>R</protected> &gt; <tech-val> <value>10</value> <unit>Ω</unit> </tech-val> the inductor is damaged and should be replaced.</para>
<para>If <protected>R</protected> &lt; <tech-val> <value>10</value> <unit>Ω</unit> </tech-val> the inductor is in a good condition. Put the mica sheet in place, being careful not to damage it.</para>
</result-bsh>
</action>
<action>
<condstep>
<condition>If the appliance&apos;s operating <desc-link id="SL1311859">module has a TFT screen or Neff TwistPad,</desc-link></condition>
<step-bsh>It must <bold>ALWAYS be calibrated</bold> after any repairs, with the glass fitted and the appliance installed in its place. Requirement tool: for <protected>TFT</protected> <article>15000283</article>.</step-bsh>
<step-bsh>See circuit diagram &quot;Error codes and service programmes (<protected>ASP</protected>)&quot; in <protected>QuickFinder</protected>.</step-bsh>
</condstep>
</action>
<action>
<condstep>
<condition>If the appliance has a <desc-link id="SL1311864">PDS detection system,</desc-link></condition>
<step-bsh>It must <bold>ALWAYS be calibrated</bold> after any repairs, with the glass fitted and the appliance installed in its place. The glass should not be hot and there should be no pots or other objects on the glass.</step-bsh>
<step-bsh>See circuit diagram &quot;Error codes and service programmes (<protected>ASP</protected>)&quot; in <protected>QuickFinder</protected>.</step-bsh>
</condstep>
</action>
</bshtaskbody>
</bshtask>