<?xml version="1.0" encoding="UTF-8"?>
<!DOCTYPE bshtask PUBLIC "-//BSH//DTD DITA BSH Bshtask//EN" "bsh/bshtask.dtd" [
]>
<!--Arbortext, Inc., 1988-2007, v.4002--><bshtask id="SL1228113">
<goal id="SL1228114">Disassembly / Assembly of Warming plate</goal>
<bshtaskbody>
<subtask>
<goal id="SL1228252">Disassembly of the warming plate</goal>
<prerequisite>
<list>
<list-entry>
<para>The appliance has to be disconnected from the mains.</para>
</list-entry>
<list-entry>
<para>The appliance has been removed from the worktop.</para>
</list-entry>
</list>
</prerequisite>
<embed-warning id="SL1295516">

</embed-warning>
<embed-warning id="SL1296866">

</embed-warning>
<action>
<maintenance-link id="SL1284550"><?Pub Caret?>Remove the glass-ceramic.</maintenance-link>
</action>
<action>
<step-bsh>Release the warming plate from its housing.</step-bsh>
</action>
<action>
<step-bsh>Disconnect the warming plate&apos;s power wires.</step-bsh>
</action>
</subtask>
<subtask>
<goal id="SL1228253">Assembly of the warming plate</goal>
<action>
<step-bsh>Follow the disassembly instructions in reverse order.</step-bsh>
</action>
<action>
<condstep>
<condition>If the appliance&apos;s operating <desc-link id="SL1311903">module has a TFT screen or Neff TwistPad,</desc-link></condition>
<step-bsh>It must <bold>ALWAYS be calibrated</bold> after any repairs, with the glass fitted and the appliance installed in its place. Requirement tool: for <protected>TFT</protected> <article>15000283</article>.</step-bsh>
<step-bsh>See circuit diagram &quot;Error codes and service programmes (<protected>ASP</protected>)&quot; in <protected>QuickFinder</protected>.</step-bsh>
</condstep>
</action>
</subtask>
</bshtaskbody>
</bshtask>