<?xml version="1.0" encoding="UTF-8"?>
<!DOCTYPE bshtask PUBLIC "-//BSH//DTD DITA BSH Bshtask//EN" "bsh/bshtask.dtd" [
]>
<!--Arbortext, Inc., 1988-2007, v.4002--><bshtask id="SL1228117">
<goal id="SL1228118">Disassembly / Assembly of induction electronics (<protected>ELIN</protected>)</goal>
<bshtaskbody>
<subtask>
<goal id="SL1259473">Disassembly of induction electronics</goal>
<prerequisite>
<list>
<list-entry>
<para>The appliance has to be disconnected from the mains.</para>
</list-entry>
<list-entry>
<para>The appliance has been removed from the worktop.</para>
</list-entry>
</list>
</prerequisite>
<embed-warning id="SL1295521">

</embed-warning>
<embed-warning id="SL1295525">

</embed-warning>
<action>
<maintenance-link id="SL1289483">Remove the glass-ceramic.</maintenance-link>
</action>
<action>
<maintenance-link id="SL1313675">Disconnect the cooking aid module.</maintenance-link>
</action>
<action>
<maintenance-link id="SL1289487">Remove the operating module.</maintenance-link>
</action>
<action>
<maintenance-link id="SL1289495">Release the inductors.</maintenance-link>
</action>
<action>
<maintenance-link id="SL1289499">Remove the aluminium plate.</maintenance-link>
</action>
<action>
<step-bsh>Disconnect the inductors and the <protected>NTCs</protected> of the corresponding <protected>ELIN</protected>.</step-bsh>
</action>
<action>
<step-bsh>Remove the connector from the fan (according to configuration of the appliance).</step-bsh>
<simple-graphic>
<graphic id="SL1289503"></graphic></simple-graphic>
</action>
<action>
<step-bsh>Remove the power connector (from the filter board).</step-bsh>
<simple-graphic>
<graphic id="SL1289504"></graphic></simple-graphic>
</action>
<action>
<step-bsh>Remove the board&apos;s edge connectors. The retainer must be removed first.</step-bsh>
<simple-graphic>
<graphic id="SL1289505"></graphic></simple-graphic>
</action>
<action>
<step-bsh>Remove the set screw.</step-bsh>
<simple-graphic>
<graphic id="SL1289506"></graphic></simple-graphic>
</action>
<action>
<step-bsh>Release the fastening flanges and remove the <protected>ELIN</protected>.</step-bsh>
<simple-graphic>
<graphic id="SL1289507"></graphic></simple-graphic>
</action>
</subtask>
<subtask>
<goal id="SL1259474">Assembly of induction electronics</goal>
<notice>
<source-of-danger>Damage to the <protected>NTC</protected> wires!</source-of-danger>
<step-bsh>The wires should not be pulled tight over the edge of the aluminium plate.</step-bsh>
<step-bsh>The wires should not be trapped between the inductor bracket and the aluminium plate.</step-bsh>
<step-bsh>The wires should not be trapped between the frame and the aluminium plate.</step-bsh>
</notice>
<action>
<step-bsh>Follow the disassembly instructions in reverse order.</step-bsh>
</action>
<action>
<step-bsh><bold>Programme the various settings with <protected>iService (Coding)</protected>.</bold> Only if the <protected>ELIN</protected> has been replaced and the <protected>ELIN</protected> has been ordered <bold>without being programmed</bold>. If the various settings are not programmed, the hob will not work properly (Frying sensor function, current limitation...). <protected>Flashing</protected> is not necessary unless a technical report indicates that it has to be updated, because a <protected>ELIN</protected> that has not been programmed comes loaded with the <protected>firmware</protected> when shipped.</step-bsh>
</action>
<action>
<condstep>
<condition>If the appliance&apos;s operating <desc-link id="SL1311942">module has a TFT screen or Neff TwistPad,</desc-link> </condition>
<step-bsh>It must <bold>ALWAYS be calibrated</bold> after any repairs, with the glass fitted and the appliance installed in its place. Requirement tool: for <protected>TFT</protected> <article>15000283</article>.</step-bsh>
<step-bsh>See circuit diagram &quot;Error codes and service programmes (<protected>ASP</protected>)&quot; in <protected>QuickFinder</protected>.</step-bsh>
</condstep>
</action>
<action>
<condstep>
<condition>If the appliance has a <desc-link id="SL1311947"><?Pub Caret?>PDS detection system,</desc-link></condition>
<step-bsh>It must <bold>ALWAYS be calibrated</bold> after any repairs, with the glass fitted and the appliance installed in its place. The glass should not be hot and there should be no pots or other objects on the glass.</step-bsh>
<step-bsh>See circuit diagram &quot;Error codes and service programmes (<protected>ASP</protected>)&quot; in <protected>QuickFinder</protected>.</step-bsh>
</condstep>
</action>
</subtask>
</bshtaskbody>
</bshtask>