<?xml version="1.0" encoding="UTF-8"?>
<!DOCTYPE bshtask PUBLIC "-//BSH//DTD DITA BSH Bshtask//EN" "bsh/bshtask.dtd" [
]>
<!--Arbortext, Inc., 1988-2007, v.4002--><bshtask id="SL1228117">
<goal id="SL1228118">Disassembly / Assembly of the appliance in its worktop</goal>
<advance-organizer>
<para>Depending on the type of construction, appliances are installed differently in the worktop. The following types of mounting system are used:</para>
<list>
<list-entry>
<para><bold>Support rails</bold> which are fitted on the left and right sides of the worktop. The hob has locking tabs that fit into the rails.</para>
</list-entry>
</list>
<list>
<list-entry>
<para><bold>Spring brackets</bold> secured to the left and rights sides of the hob.</para>
</list-entry>
</list>
<list>
<list-entry>
<para><bold>Mounting clips</bold> that are screwed into the base of the hob.</para>
</list-entry>
</list>
<para>In the case of flush-mounted plates, the gap between the plate and worktop must also be filled with silicone sealant.</para>
<hint>
<para><bold>There is a danger that the glass ceramic will crack if not removed correctly!</bold></para>
<para>Follow<?Pub Caret?> the following instructions for installation and desinstallation.</para>
</hint>
</advance-organizer>
<bshtaskbody>
<subtask>
<goal id="SL1259595">Disassembly of the hob from the worktop</goal>
<req-tools>
<req-tool>Metal lever (angled spatula) <article>00483196</article></req-tool>
<req-tool>Extraction suction pad (we recommend using 2 units) <article> 00341262</article></req-tool>
</req-tools>
<prerequisite>
<list>
<list-entry>
<para>The appliance has to be disconnected from the mains.</para>
</list-entry>
</list>
<list>
<list-entry>
<para>The appliance is accessible from below.</para>
</list-entry>
</list>
<list>
<list-entry>
<para>View the appliance&apos;s <bold>installation instructions</bold>, because correct installation is essential to ensure that the appliance works properly.</para>
</list-entry>
</list>
</prerequisite>
<hint>
<para>The hob must be pushed out of the worktop from below.</para>
<para>We only recommend removing the hob from above with suction pads or the spatula if the installation so requires and the time required to remove it is excessive.</para>
</hint>
<action>
<condstep>
<condition>If the appliance is mounted on support rails and locking tabs:</condition>
<step-bsh>Push the appliance out of the worktop from underneath at the left and right.</step-bsh>
</condstep>
</action>
<action>
<condstep>
<condition>If the appliance is mounted with spring brackets on the left and right:</condition>
<step-bsh>Push the appliance out of the worktop from underneath - several times at the left and right alternately.</step-bsh>
</condstep>
</action>
<action>
<condstep>
<condition>If the appliance is mounted on the worktop from below using screw clamps:</condition>
<step-bsh>Loosen the clamps and turn them towards the centre of the appliance.</step-bsh>
<step-bsh>Push the hob out of the worktop from below, on the left and right sides.</step-bsh>
</condstep>
</action>
</subtask>
<subtask>
<goal id="SL1259596">Installation of the hob in the worktop</goal>
<advance-organizer>
<para>Follow the disassembly instructions in reverse order.</para>
</advance-organizer>
<notice>
<source-of-danger>The hob may be damaged if the sealing gasket is damaged.</source-of-danger>
<step-bsh>Check the condition of the joint.</step-bsh>
<step-bsh>Replace the joint if it is damaged.</step-bsh>
</notice>
<hint>
<para>You must seal around the <bold>flush-mounted hobs</bold> with suitable silicone after repair.</para>
<para>The spare parts exist in different colours:</para>
<list>
<list-entry>
<para><article>00310818</article> White silicone</para>
</list-entry>
</list>
<list>
<list-entry>
<para><article>00267494</article> Black silicone</para>
</list-entry>
</list>
<list>
<list-entry>
<para><article>00643723</article> Grey silicone</para>
</list-entry>
</list>
<list>
<list-entry>
<para><article>00643724</article> Beige silicone</para>
</list-entry>
</list>
<list>
<list-entry>
<para><article>00311582</article> Anthracite colour silicone</para>
</list-entry>
</list>
<list>
<list-entry>
<para><article>00311583</article> Anthracite grey colour silicone</para>
</list-entry>
</list>
</hint>
<action></action>
</subtask>
</bshtaskbody>
</bshtask>