<?xml version="1.0" encoding="UTF-8"?>
<!DOCTYPE fault PUBLIC "-//BSH//DTD DITA BSH Bshfaultdiag//EN" "bsh/bshfaultdiag.dtd" [
]>
<!--Arbortext, Inc., 1988-2007, v.4002--><fault>
<faultdesc>The control panel sensors are not responding properly</faultdesc>
<causes>
<cause>
<para>The control panel housing is not installed properly, outside its housing</para>
</cause>
<procedure>
<proced-action>
<step-bsh>Fit the operating module correctly and mount its housing on the metal chassis.</step-bsh>
</proced-action>
</procedure>
</causes>
<causes>
<cause>
<para>The operating module has not been calibrated following the repair (<protected>TFT</protected> and <protected>Neff TwistPad</protected> operating modules).</para>
</cause>
<procedure>
<proced-action>
<step-bsh>Calibrate the operating module.<?Pub Caret?></step-bsh>
</proced-action>
</procedure>
<procedure>
<proced-action>
<step-bsh>If the glass is opened for repairs, the operating module must be calibrated following the repairs, when the glass has been mounted again.</step-bsh>
</proced-action>
<proced-action>
<simple-hint>See circuit diagram &quot;Error codes and service programmes (<protected>ASP</protected>)&quot; in <protected>Quickfinder.</protected>.</simple-hint>
</proced-action>
</procedure>
</causes>
<causes>
<cause>
<para>One of the operating module&apos;s sensors has become stuck when removing the glass</para>
</cause>
<procedure>
<proced-action>
<step-bsh>Replace the operating module.</step-bsh>
</proced-action>
</procedure>
</causes>
</fault>