<?xml version="1.0" encoding="UTF-8"?>
<!DOCTYPE bshdesc PUBLIC "-//BSH//DTD DITA BSH Bshdesc//EN" "bsh/bshdesc.dtd" [
]>
<!--Arbortext, Inc., 1988-2007, v.4002--><bshdesc id="SL1228314">
<title id="SL1228315">Mechanical platform</title>
<bshdescbody>
<para>The mechanical platform is based on mounting all components at different levels on a metal chassis.</para>
<subdesc>
<title id="SL1228323">Overview of components for models with a width of <tech-val> <value>30</value> <unit>cm</unit> </tech-val> (&quot;<protected>Dominó</protected>&quot;)</title>
<media>
<graphic-block>
<graphic id="SL1251971"></graphic>
<title-graphic id="SL1251972">Example of <tech-val> <value>30</value> <unit>cm</unit> version</tech-val></title-graphic>
<legend>
<legendentry>
<posnr>1</posnr>
<postext>Glass ceramic part with glued frame plate</postext>
</legendentry>
<legendentry>
<posnr>2</posnr>
<postext>Aluminium plate</postext>
</legendentry>
<legendentry>
<posnr>3</posnr>
<postext>Inductors</postext>
</legendentry>
<legendentry>
<posnr>4</posnr>
<postext>Filter board with power supply</postext>
</legendentry>
<legendentry>
<posnr>5</posnr>
<postext>Fan</postext>
</legendentry>
<legendentry>
<posnr>6</posnr>
<postext><protected>ELIN</protected></postext>
</legendentry>
<legendentry>
<posnr>7</posnr>
<postext>Metal chassis</postext>
</legendentry>
<legendentry>
<posnr>8</posnr>
<postext>Electronics housing</postext>
</legendentry>
<legendentry>
<posnr>9</posnr>
<postext>Operating module</postext>
</legendentry>
</legend>
</graphic-block>
</media>
</subdesc>
<subdesc>
<title id="SL1235687">Overview of components for models with a width of <tech-val> <value>60</value> <unit>cm</unit> </tech-val>, <tech-val> <value>70</value> <unit>cm</unit> </tech-val> and <tech-val> <value>80</value> <unit>cm</unit> </tech-val></title>
<media>
<graphic-block>
<graphic id="SL1251973"></graphic>
<title-graphic id="SL1251974">Example of<tech-val> <value>60</value> <unit>cm</unit> version</tech-val></title-graphic>
<legend>
<legendentry>
<posnr>1</posnr>
<postext>Glass ceramic part with glued frame plate</postext>
</legendentry>
<legendentry>
<posnr>2</posnr>
<postext>Aluminium plate</postext>
</legendentry>
<legendentry>
<posnr>3</posnr>
<postext>Inductors</postext>
</legendentry>
<legendentry>
<posnr>4</posnr>
<postext>&quot;<protected>HomeConnect</protected>&quot; module (depending on model)</postext>
</legendentry>
<legendentry>
<posnr>5</posnr>
<postext>Fan</postext>
</legendentry>
<legendentry>
<posnr>6</posnr>
<postext>Filter board with power supply</postext>
</legendentry>
<legendentry>
<posnr>7</posnr>
<postext>Right <protected>ELIN</protected></postext>
</legendentry>
<legendentry>
<posnr>8</posnr>
<postext>Electronics housing</postext>
</legendentry>
<legendentry>
<posnr>9</posnr>
<postext>Metal chassis</postext>
</legendentry>
<legendentry>
<posnr>10</posnr>
<postext>Left <protected>ELIN</protected></postext>
</legendentry>
<legendentry>
<posnr>11</posnr>
<postext>Terminal box</postext>
</legendentry>
<legendentry>
<posnr>12</posnr>
<postext>Single filter board</postext>
</legendentry>
<legendentry>
<posnr>13</posnr>
<postext>Operating module</postext>
</legendentry>
<legendentry>
<posnr>14</posnr>
<postext>Auxiliary module for cooking functions (depending on model)</postext>
</legendentry>
</legend>
</graphic-block>
</media>
</subdesc>
<subdesc>
<title id="SL1235689">Overview of components for models with a width of <tech-val> <value>90</value> <unit>cm</unit> </tech-val></title>
<media>
<graphic-block>
<graphic id="SL1251979"></graphic>
<title-graphic id="SL1251980">Example of<tech-val> <value>90</value> <unit>cm</unit> version</tech-val></title-graphic>
<legend>
<legendentry>
<posnr>1</posnr>
<postext>Glass ceramic part with glued frame plate</postext>
</legendentry>
<legendentry>
<posnr>2</posnr>
<postext>Triple inductor</postext>
</legendentry>
<legendentry>
<posnr>3</posnr>
<postext>Vector inductors</postext>
</legendentry>
<legendentry>
<posnr>4</posnr>
<postext>Aluminium plate</postext>
</legendentry>
<legendentry>
<posnr>5</posnr>
<postext><protected>&quot;HomeConnect&quot;</protected> module (depending on model)</postext>
</legendentry>
<legendentry>
<posnr>6</posnr>
<postext>Single filter board</postext>
</legendentry>
<legendentry>
<posnr>7</posnr>
<postext>Terminal box</postext>
</legendentry>
<legendentry>
<posnr>8</posnr>
<postext>Large fan</postext>
</legendentry>
<legendentry>
<posnr>9</posnr>
<postext>Filter board with power supply</postext>
</legendentry>
<legendentry>
<posnr>10</posnr>
<postext>Right <protected>ELIN</protected></postext>
</legendentry>
<legendentry>
<posnr>11</posnr>
<postext>Metal chassis</postext>
</legendentry>
<legendentry>
<posnr>12</posnr>
<postext>Electronics housing</postext>
</legendentry>
<legendentry>
<posnr>13</posnr>
<postext>Central <protected>ELIN</protected></postext>
</legendentry>
<legendentry>
<posnr>14</posnr>
<postext>Left <protected>ELIN</protected></postext>
</legendentry>
<legendentry>
<posnr>15</posnr>
<postext>Small fan</postext>
</legendentry>
<legendentry>
<posnr>16</posnr>
<postext>Single filter board</postext>
</legendentry>
<legendentry>
<posnr>17</posnr>
<postext>Operating module</postext>
</legendentry>
<legendentry>
<posnr>18</posnr>
<postext>Auxiliary module for cooking functions (depending on model)</postext>
</legendentry>
</legend>
</graphic-block>
</media>
</subdesc>
<subdesc>
<title id="SL1235690">Overview of components for panoramic models with a width of <tech-val> <value>90</value> <unit>cm</unit> </tech-val></title>
<media>
<graphic-block>
<graphic id="SL1251977"></graphic><?Pub _newline?>
<title-graphic id="SL1251978">Example of <tech-val> <value>90</value> <unit>cm</unit> version</tech-val></title-graphic>
<legend>
<legendentry>
<posnr>1</posnr>
<postext>Glass ceramic part with glued frame plate</postext>
</legendentry>
<legendentry>
<posnr>2</posnr>
<postext>Aluminium plate</postext>
</legendentry>
<legendentry>
<posnr>3</posnr>
<postext>Inductors</postext>
</legendentry>
<legendentry>
<posnr>4</posnr>
<postext>&quot;<protected>HomeConnect</protected>&quot; module (depending on model)</postext>
</legendentry>
<legendentry>
<posnr>5</posnr>
<postext>Right <protected>ELIN</protected></postext>
</legendentry>
<legendentry>
<posnr>6</posnr>
<postext>Metal chassis</postext>
</legendentry>
<legendentry>
<posnr>7</posnr>
<postext>Right <protected>ELIN</protected> fan</postext>
</legendentry>
<legendentry><?Pub Caret1?>
<posnr>8</posnr>
<postext>Electronics housing</postext>
</legendentry>
<legendentry>
<posnr>9</posnr>
<postext>Left <protected>ELIN</protected></postext>
</legendentry>
<legendentry>
<posnr>10</posnr>
<postext>Left <protected>ELIN</protected> fan</postext>
</legendentry>
<legendentry>
<posnr>11</posnr>
<postext>Filter board with power supply</postext>
</legendentry>
<legendentry>
<posnr>12</posnr>
<postext>Single filter board</postext>
</legendentry>
<legendentry>
<posnr>13</posnr>
<postext>Terminal box</postext>
</legendentry>
<legendentry>
<posnr>14</posnr>
<postext>Operating module</postext>
</legendentry>
<legendentry>
<posnr>15</posnr>
<postext>Auxiliary module for cooking functions (depending on model)</postext>
</legendentry>
</legend>
</graphic-block>
</media>
</subdesc>
</bshdescbody>
</bshdesc>