<?xml version="1.0" encoding="UTF-8"?>
<!DOCTYPE fault PUBLIC "-//BSH//DTD DITA BSH Bshfaultdiag//EN" "bsh/bshfaultdiag.dtd" [
]>
<!--Arbortext, Inc., 1988-2007, v.4002--><fault>
<faultdesc>The customer cannot find the model of the appliance</faultdesc>
<causes>
<cause>
<para>---</para>
</cause>
<procedure>
<customer-info>
<para>It is extremely important to know the model of the appliance for repairs and there are different ways of finding it.</para>
</customer-info>
<proced-action>
<step-bsh><desc-link id="SL1260068">I<?Pub Caret1?>dentification of the model</desc-link></step-bsh>
</proced-action>
</procedure>
</causes>
</fault>