<?xml version="1.0" encoding="UTF-8"?>
<!DOCTYPE bshtask PUBLIC "-//BSH//DTD DITA BSH Bshtask//EN" "bsh/bshtask.dtd" [
]>
<!--Arbortext, Inc., 1988-2007, v.4002--><bshtask id="SL1228117">
<goal id="SL1228118">Activate the basic settings</goal>
<bshtaskbody>
<hint>
<para>Activating the &quot;basic settings&quot; is explained in the following documents:</para>
<list>
<list-entry>
<para>Circuit diagram &quot;Error codes and service programmes (<protected>ASP</protected>)&quot;.</para>
</list-entry>
</list>
<list>
<list-entry>
<para>Instructions for use.</para>
</list-entry>
</list>
</hint>
<action></action>
</bshtaskbody><?Pub Caret1?>
</bshtask>