<?xml version="1.0" encoding="UTF-8"?>
<!DOCTYPE fault PUBLIC "-//BSH//DTD DITA BSH Bshfaultdiag//EN" "bsh/bshfaultdiag.dtd" [
]>
<!--Arbortext, Inc., 1988-2007, v.4002--><fault>
<faultdesc>The ovenhob only works correctly once (works again after power reset)</faultdesc>
<causes>
<cause>
<para>The hob has been installed with an incompatible oven or without the necessary adaptor.</para>
</cause>
<procedure>
<proced-action>
<simple-hint>For ovens up to FD9011 the <article>00744661</article> adaptor must be installed (accessory HEZ391003/HZ391003/Z9640X0).</simple-hint>
</proced-action>
<maintenance-link id="SL1283747"><?Pub Caret?>Check compatibility of oven and hob</maintenance-link>
</procedure>
</causes>
</fault>