<?xml version="1.0" encoding="UTF-8"?>
<!DOCTYPE bshdesc PUBLIC "-//BSH//DTD DITA BSH Bshdesc//EN" "bsh/bshdesc.dtd" [
]>
<!--Arbortext, Inc., 1988-2007, v.4002--><bshdesc id="SL1228314">
<title id="SL1228315">The inductor&apos;s NTC</title>
<bshdescbody>
<para>The inductors include a central <protected>NTC</protected> and an external <protected>NTC</protected> (depending on the version).</para>
<media>
<graphic-block>
<graphic id="SL1228389"></graphic>
<title-graphic id="SL1228390">Example of inductor with two <protected>NTCs</protected>.</title-graphic>
<legend>
<legendentry>
<posnr>1.</posnr>
<postext>Central <protected>NTC</protected></postext>
</legendentry>
<legendentry>
<posnr>2.</posnr>
<postext>External <protected>NTC</protected></postext>
</legendentry>
</legend>
</graphic-block>
</media>
<para></para>
<subdesc>
<title id="SL1228323">Central <protected>NTC </protected></title>
<media>
<graphic-block>
<graphic id="SL1296739"></graphic>
<title-graphic id="SL1296747">Design of the central <protected>NTC</protected>.</title-graphic>
</graphic-block>
</media>
<para>The functions of the central <protected>NTC</protected> are:</para>
<list>
<list-entry>
<para>Protection against overheating (pot left unattended). Limits the power when a rapid increase in the temperature of the pot is detected at high power levels (9 or <protected>Booster</protected>).</para>
</list-entry>
<list-entry>
<para>Indication of residual heat. Mainly to prevent the user from being burnt when the <protected>&quot;H&quot;</protected> is displayed.</para>
</list-entry>
<list-entry>
<para>Frying temperature control (in inductors that have no external <protected>NTC</protected>).</para>
</list-entry>
</list>
<hint><?Pub Caret1?>
<para>The roaster inductor (&quot;<protected>Bräter</protected>&quot;) is not fitted with <protected>NTC</protected>.</para>
</hint>
</subdesc>
<subdesc>
<title id="SL1228324">External <protected>NTC</protected></title>
<media>
<graphic-block>
<graphic id="SL1296743"></graphic>
<title-graphic id="SL1296748">Design of the external <protected>NTC</protected>.</title-graphic>
</graphic-block>
</media>
<para>Functions of the external <protected>NTC</protected>:</para>
<list>
<list-entry>
<para>Frying temperature control in appliances with the frying sensor function.</para>
</list-entry>
</list>
<para>Inductors without an external <protected>NTC</protected>, due to design restrictions:</para>
<list>
<list-entry>
<para><protected>Vector</protected> inductors.</para>
</list-entry>
<list-entry>
<para>Inductors of <tech-val> <value>145</value> <unit>mm</unit> </tech-val>.</para>
</list-entry>
<list-entry>
<para>All other inductors without the frying sensor function.</para>
</list-entry>
</list>
</subdesc>
</bshdescbody>
</bshdesc>