<?xml version="1.0" encoding="UTF-8"?>
<!DOCTYPE bshtask PUBLIC "-//BSH//DTD DITA BSH Bshtask//EN" "bsh/bshtask.dtd" [
]>
<!--Arbortext, Inc., 1988-2007, v.4002--><bshtask id="SL1303206">
<goal id="SL1303207">Check the pot.</goal>
<advance-organizer>
<para>This function allows you to check the speed and quality of the cooking process, according to the pot that you want to check.</para>
<para>The result obtained is for guidance purposes and will depend on the characteristics of the pot and the cooking zone where it is placed.</para>
</advance-organizer>
<bshtaskbody>
<subtask>
<goal id="SL1303208">Checking the pot using the basic settings menu.</goal>
<action>
<step-bsh>Correctly position the pot with approximately <tech-val> <value>200</value> <unit>ml</unit> </tech-val> of water, at room temperature, on the most suitable cooking zone for the diameter of the bottom of the pot.</step-bsh>
</action>
<action>
<step-bsh>Go to the basic settings and select the setting <display>c12</display>. (See instructions for use to activate the basic settings).</step-bsh>
</action>
<action>
<step-bsh>Press the programming area. The &quot;<display>-</display>&quot; indicator will flash in the cooking zones. The function has been enabled.</step-bsh>
</action>
</subtask>
<subtask>
<goal id="SL1303420">Results with the basic settings menu</goal>
<advance-organizer>
<table-block layout="layout_001">
<tgrid>
<tgroup cols="2">
<colspec colname="col1"></colspec>
<colspec colname="col2"></colspec>
<tbody>
<row>
<entry>
<para><display>0</display> <bold>Not detected</bold></para>
</entry>
<entry>
<para> The pot is not suitable for the cooking zone and will not be heated. If you have a smaller cooking zone, try the pot again in that cooking zone.</para>
</entry>
</row>
<row>
<entry>
<para><display>1</display> <bold>Acceptable with limitations</bold></para>
</entry>
<entry>
<para>The pot will be heated more slowly than expected and the result of the cooking process will not be optimal. If you have a smaller cooking zone, try the pot again in that cooking zone.</para>
</entry>
</row>
<row>
<entry>
<para><display>2</display> <bold>Good</bold></para>
</entry>
<entry>
<para>The pot will be suitably heated and the cooking process will be satisfactory.</para>
</entry>
</row>
</tbody>
</tgroup>
</tgrid>
<ttitle id="SL1303421">Results obtained with the basic settings menu.</ttitle>
</table-block>
<para></para>
<para><bold>Exceptions:</bold></para>
<list>
<list-entry>
<para><bold>Triple paella pan.</bold> Only the inside area of the pot will be checked.</para>
</list-entry>
<list-entry>
<para><bold><protected>Flex</protected> zone</bold> Function only valid for one pot and this must be positioned as instructed in the instructions for use. The <protected>Flex</protected> zone will be activated as a single zone.</para>
<para><inline-graphic id="SL1303415"></inline-graphic></para>
</list-entry>
<list-entry>
<para><bold>Inductor of <tech-val> <value>18</value> <unit>cm</unit> </tech-val> with roaster (&ldquo;<protected>Bräter</protected>&rdquo;).</bold> Only the <tech-val> <value>18</value> <unit>cm</unit> </tech-val> circular area of the pot will be checked.</para>
</list-entry>
<list-entry>
<para><bold><protected>Combizone</protected>.</bold> The pot will only be checked as if there were separate cooking zones.</para>
</list-entry>
</list>
</advance-organizer>
<action></action>
</subtask>
<subtask>
<goal id="SL1303210">Checking the pot with <protected>iService-Monitoring.</protected>.</goal>
<req-tools>
<req-tool><protected>Kit UDA</protected> <article>00341247</article></req-tool>
<req-tool><protected>iService Software</protected></req-tool>
</req-tools>
<prerequisite>
<para>The appliance is not connected to the mains.</para>
</prerequisite>
<action>
<step-bsh>Open the hob&apos;s <protected>iService</protected> connector cover, located in the lower front area.</step-bsh>
</action>
<action>
<step-bsh>Connect the <protected>UDA</protected> to the hob&apos;s <protected>iService</protected> connector.</step-bsh>
<simple-graphic>
<graphic id="SL1303144"></graphic></simple-graphic>
</action>
<action>
<step-bsh>Connect the <protected>UDA</protected> to the <protected>USB</protected> of the laptop computer.</step-bsh>
</action>
<action>
<step-bsh>Connect the appliance to the mains.</step-bsh>
</action>
<action>
<step-bsh>Open the <protected>iService</protected> program. Select &quot;<protected><bold>Monitoring</bold></protected>&quot;.</step-bsh>
</action>
<action>
<step-bsh>Correctly position the pot with approximately <tech-val> <value>200 ml</value> <unit>ml</unit> </tech-val> of water, at room temperature, on the most suitable cooking zone for the diameter of the bottom of the pot.</step-bsh>
</action>
</subtask>
<subtask>
<goal id="SL1303211">Results with <protected>iService-Monitoring</protected></goal>
<advance-organizer>
<para>The suitability of the pot is shown by the colour which fills the pot icon:</para>
<table-block layout="layout_001">
<tgrid>
<tgroup cols="2">
<colspec colname="col1"></colspec>
<colspec colname="col2"></colspec>
<tbody>
<row>
<entry>
<para><bold>White</bold> pan</para>
<simple-graphic>
<graphic id="SL1303230"></graphic></simple-graphic>
</entry>
<entry>
<para><bold>Not detected.</bold> The pot is not suitable for the cooking zone and will not be heated. If you have a smaller cooking zone, try the pot again in that cooking zone.</para>
</entry>
</row>
<row>
<entry>
<para><bold>Orange</bold> pan</para>
<simple-graphic>
<graphic id="SL1303231"></graphic></simple-graphic>
</entry>
<entry>
<para><bold>Acceptable with limitations.</bold> The pot will be heated more slowly than expected and the result of the cooking process will not be optimal. If you have a smaller cooking zone, try the pot again in that cooking zone.</para>
</entry>
</row>
<row>
<entry>
<para><bold>Green</bold> pan</para>
<simple-graphic>
<graphic id="SL1303232"></graphic></simple-graphic>
</entry>
<entry>
<para><bold>Good.</bold><?Pub Caret1?> The pot will be suitably heated and the cooking process will be satisfactory.</para>
</entry>
</row>
</tbody>
</tgroup>
</tgrid>
<ttitle id="SL1303212">Results obtained with <protected>iService-Monitoring.</protected></ttitle>
</table-block>
<hint>
<para>After using the <protected>iService</protected>, the <bold>connector cover</bold> of the appliance <bold>must be kept closed</bold>, to prevent the user from touching live parts.</para>
<para>If the plastic piece is broken, screw it into the base with the <article>00636639</article> screw.</para>
</hint>
</advance-organizer>
<action></action>
</subtask>
</bshtaskbody>
</bshtask>