<?xml version="1.0" encoding="UTF-8"?>
<!DOCTYPE bshtask PUBLIC "-//BSH//DTD DITA BSH Bshtask//EN" "bsh/bshtask.dtd" [
]>
<!--Arbortext, Inc., 1988-2007, v.4002--><bshtask id="SL1311658">
<goal id="SL1311659">Check <protected>polybox</protected> compatibility</goal>
<advance-organizer>
<list>
<list-entry>
<para>Inside the <protected>polybox</protected> box of the induction hobs with the IH6-I design there is no longer a <protected>wake
up</protected> module.</para>
</list-entry>
<list-entry>
<para>These IH6-I hobs have a connector with a green sticker on the wiring.</para>
</list-entry>
<list-entry>
<para>Ovens with a <protected>wake up</protected> module are also marked with a green sticker.</para>
</list-entry>
</list>
<media>
<graphic-block>
<graphic id="SL1311654"></graphic>
<title-graphic id="SL1311660">Detail of oven and IH6 hob compatibility, with their respective stickers</title-graphic>
</graphic-block>
</media>
</advance-organizer>
<prerequisite>
<list>
<list-entry>
<para>If the hob and oven have the same colour stickers, they are compatible.</para>
</list-entry>
<list-entry><?Pub Caret?>
<para>Blue stickers for previous versions (<protected>wake up</protected> module in the hob) and green stickers for new versions (<protected>wake up</protected> module in the oven)</para>
</list-entry>
</list>
</prerequisite>
<bshtaskbody>
<subtask>
<goal id="SL1311661">Compatibility</goal>
<action>
<step-bsh>If the hob and oven have different coloured stickers, they require an accessory to make them compatible.</step-bsh>
</action>
<action>
<step-bsh>The compatibility accessory can be ordered as a spare part: <article>00744661</article> <inline-graphic id="SL1311650"></inline-graphic></step-bsh>
</action>
<action>
<hint>
<para>Commercial accessories</para>
<list>
<list-entry>
<para>HEZ391003</para>
</list-entry>
<list-entry>
<para>HZ391003</para>
</list-entry>
<list-entry>
<para>Z9640X0</para>
</list-entry>
</list>
</hint>
</action>
</subtask>
</bshtaskbody>
</bshtask>