<?xml version="1.0" encoding="UTF-8"?>
<!DOCTYPE bshtask PUBLIC "-//BSH//DTD DITA BSH Bshtask//EN" "bsh/bshtask.dtd" [
]>
<!--Arbortext, Inc., 1988-2007, v.4002--><bshtask id="SL1227692">
<goal id="SL1227693">Check the power supply to the electronic modules</goal>
<req-tools>
<req-tool>Digital multimeter <article>00340944</article> (or country-specific one) </req-tool>
</req-tools>
<prerequisite>
<list>
<list-entry>
<para>The property&apos;s electricity supply has been checked.</para>
</list-entry>
</list>
<list>
<list-entry>
<para>It has been verified that the hob&apos;s electrical connection is correct.</para>
</list-entry>
</list>
<list>
<list-entry>
<para>The appliance is not connected to the mains.</para>
</list-entry>
</list>
<list>
<list-entry>
<para>The glass-ceramic has been removed.</para>
</list-entry>
</list>
</prerequisite>
<embed-warning id="SL1237299">

</embed-warning>
<embed-warning id="SL1296259">

</embed-warning>
<bshtaskbody>
<action>
<step-bsh>Remove the connector from the operating module.</step-bsh>
</action>
<action>
<step-bsh>Connect the appliance to the mains.</step-bsh>
</action>
<action>
<step-bsh>Measure the voltage (<tech-val> <value>5</value> <unit>V DC</unit> </tech-val>) in the operating module&apos;s connector (between <tech-val> <value>+5</value> <unit>V</unit> </tech-val> and <protected>GND</protected>: contacts 1-3 for 4-wire cables; contacts 1-3 and 6-5 for 6-wire cables).</step-bsh>
<simple-graphic>
<graphic id="SL1249660"></graphic></simple-graphic>
<result-bsh>
<para>If voltage is present (<tech-val> <value>5</value> <unit>V DC</unit> </tech-val>) &rarr; replace the operating module.</para>
<para>No voltage is present &rarr; go to the next step.</para>
</result-bsh>
</action>
<action>
<step-bsh>Dissconect the appliance from the power supply and wait for <tech-val> <value>60</value> <unit>seconds</unit> </tech-val>.</step-bsh>
</action>
<action>
<step-bsh>Remove the operating module and its housing.</step-bsh>
</action>
<action>
<step-bsh>Remove the inductors from the aluminium plate and carefully place them on the sides.</step-bsh>
<simple-graphic>
<graphic id="SL1249661"></graphic></simple-graphic>
</action>
<action>
<step-bsh>Remove the aluminium plate.</step-bsh>
<simple-graphic>
<graphic id="SL1249662"></graphic></simple-graphic>
</action>
<action>
<step-bsh>Connect the appliance to the mains.</step-bsh>
</action>
<action>
<step-bsh>Measure the voltage (<tech-val> <value>+5</value> <unit>V DC</unit> </tech-val>) at the output of the filter board (between the terminals of<tech-val> <value>+5</value> <unit>V</unit> </tech-val> and <protected>GND/EARTH</protected>): contacts 1-3 for 4-pin connectors (1); contacts 1-3 and 6-5 for 6-pin connectors (2). </step-bsh>
<simple-graphic>
<graphic id="SL1249665"></graphic></simple-graphic>
<result-bsh>
<para>If voltage is present (<tech-val> <value>5</value> <unit>V DC</unit> </tech-val>):</para>
<para>&rarr; <protected>FB_PS7W</protected> filter (1). Check filter board - operating module wiring. Replace any damaged wires. </para>
<para>&rarr; <protected>FB_PS17W</protected> filter (2). Check wiring for filter board - <protected>ELIN</protected> and <protected>ELIN</protected> - operating module. Replace any damaged wires.</para>
<para>No voltage is present &rarr; go to the next step.</para>
</result-bsh>
</action>
<action>
<step-bsh>Disconnect the appliance from the power supply and wait for <tech-val> <value>60</value> <unit>seconds</unit> </tech-val>.</step-bsh>
</action>
<action>
<step-bsh>Remove the input connector from the filter board.</step-bsh>
</action>
<action>
<step-bsh>Reconnect the appliance to the power supply.</step-bsh>
</action>
<action>
<step-bsh>Measure the voltage (<tech-val> <value>230</value> <unit>V DC</unit> </tech-val>) at the filter board&apos;s input (between terminals L and N). </step-bsh>
<simple-graphic>
<graphic id="SL1249666"></graphic></simple-graphic>
<result-bsh>
<para>If voltage is present &rarr; replace the filter board.</para>
<para>No voltage is present &rarr; go to the next step.</para>
</result-bsh>
</action>
<action>
<step-bsh>Measure the voltage (<tech-val> <value>230</value> <unit>V DC</unit> </tech-val>) at the output of the connection terminal.</step-bsh>
<simple-graphic>
<graphic id="SL1249667"></graphic></simple-graphic>
<result-bsh>
<para>If voltage is present 	 replace the wiring between the terminal box and the filter board.</para>
<para>No voltage is present &rarr; check the property&apos;s power supply and make sure that the power cord is properly connected.</para>
</result-bsh>
</action>
<action>
<condstep>
<condition>If the appliance&apos;s operating <desc-link id="SL1311826">module has a TFT screen or Neff TwistPad,</desc-link></condition>
<step-bsh>It must <bold>ALWAYS be calibrated</bold> after any repairs, with the glass fitted and the appliance installed in its place. Requirement tool: for <protected>TFT</protected> <article>15000283</article>.</step-bsh>
<step-bsh>See circuit diagram &quot;Error codes and service programmes (<protected>ASP</protected>)&quot; in <protected>QuickFinder</protected>.</step-bsh>
</condstep>
</action>
<action>
<condstep>
<condition>If the appliance has a <desc-link id="SL1311831"><?Pub Caret?>PDS detection system,</desc-link> </condition>
<step-bsh>It must <bold>ALWAYS be calibrated</bold> after any repairs, with the glass fitted and the appliance installed in its place. The glass should not be hot and there should be no pots or other objects on the glass.</step-bsh>
<step-bsh>See circuit diagram &quot;Error codes and service programmes (<protected>ASP</protected>)&quot; in <protected>QuickFinder</protected>.</step-bsh>
</condstep>
</action>
</bshtaskbody>
</bshtask>