<?xml version="1.0" encoding="UTF-8"?>
<!DOCTYPE bshtask PUBLIC "-//BSH//DTD DITA BSH Bshtask//EN" "bsh/bshtask.dtd" [
]>
<!--Arbortext, Inc., 1988-2007, v.4002--><bshtask id="SL1299722">
<goal id="SL1299723">Version coding (<protected>Coding</protected>) and programming of <protected>firmware (Flashing)</protected></goal>
<advance-organizer>
<para>The appliance&apos;s <protected>DBus2</protected> connector is in the lower front area.</para>
<media>
<graphic-block>
<graphic id="SL1299665"></graphic>
<title-graphic id="SL1299724">Location of the appliance&apos;s <protected>DBus2</protected> connector.</title-graphic>
</graphic-block>
</media>
</advance-organizer>
<req-tools>
<req-tool><protected>Kit UDA</protected> <article>00341247</article></req-tool>
<req-tool><protected>iService Software</protected></req-tool>
</req-tools>
<prerequisite>
<para>The appliance is not connected to the mains.</para>
</prerequisite>
<bshtaskbody>
<action>
<step-bsh>Open the hob&apos;s <protected>iService</protected> connector cover, located in the lower front area.</step-bsh>
</action>
<action>
<step-bsh>Connect the <protected>UDA</protected> to the hob&apos;s <protected>iService</protected> connector.</step-bsh>
</action>
<action>
<step-bsh>Connect the <protected>UDA</protected> to the <protected>USB</protected> of the laptop computer.</step-bsh>
</action>
<action>
<step-bsh>Connect the appliance to the mains.</step-bsh>
</action>
<action>
<step-bsh>Open the <protected>iService</protected> program.</step-bsh>
</action>
<action>
<step-bsh>(1) Enter the <protected>E-Nr</protected> of the appliance (model+KI) in the &ldquo;<protected>E-Number</protected>&rdquo; box. (2) Click on the &ldquo;<protected>Continue</protected>&rdquo; button. (3) To load the firmware, click on the lightning bolt icon. (4) To programme the setting, click on the puzzle icon.</step-bsh>
<simple-graphic>
<graphic id="SL1299718"></graphic></simple-graphic>
</action>
<action>
<step-bsh><bold>Programming of settings (<protected>Coding</protected>).</bold> The settings must always be programmed (<protected>Coding</protected>) after replacing any induction electronics (<protected>ELIN</protected>). The programming of settings defines the following parameters: Frying sensor function, maximum input current limitation and version identification for the United States.</step-bsh>
</action>
<action>
<step-bsh>Use the on button to switch on the hob and then click on &quot;<protected>WRITE</protected>&quot; to start programming.</step-bsh>
<simple-graphic>
<graphic id="SL1303544"></graphic></simple-graphic>
</action>
<action>
<step-bsh>Follow the <protected>iService.</protected> program steps.</step-bsh>
</action>
<action><?Pub Caret?>
<step-bsh><bold>Programming of the <protected>Firmware (Flashing)</protected>.</bold> An <protected>ELIN</protected> that is not programmed comes with the <protected>firmware</protected> already loaded when shipped. It is only necessary to perform <protected>Flashing</protected> when a new version of <protected>firmware</protected> actually has to be loaded, which will be reported in a <bold>Technical Report</bold> on the models concerned.</step-bsh>
</action>
<action>
<step-bsh>Select the <protected>ELIN</protected> being programmed on the dropdown menu and click on &quot;<protected>CONTINUE</protected>&quot;. If the entire appliance has to be re-programmed, <protected>Flashing</protected> must be performed for all <protected>ELIN</protected> hobs.</step-bsh>
<simple-graphic>
<graphic id="SL1303548"></graphic></simple-graphic>
</action>
<action>
<step-bsh>Use the on button to switch on the hob and then click on &quot;<protected>START</protected>&quot; to start <protected>Flashing</protected>.</step-bsh>
<simple-graphic>
<graphic id="SL1314473"></graphic></simple-graphic>
</action>
<action>
<step-bsh>Follow the <protected>iService.</protected> program steps.</step-bsh>
</action>
<action>
<hint>
<para>After <protected>Coding/Flashing</protected> with <protected>iService</protected>, the appliance&apos;s <bold>connector cover</bold> <bold>should be kept closed</bold>, to prevent the user from touching live parts.</para>
<para>If the plastic piece is broken, screw it into the base with the <article>00636639</article> screw.</para>
</hint>
</action>
</bshtaskbody>
</bshtask>