<?xml version="1.0" encoding="UTF-8"?>
<!DOCTYPE bshtask PUBLIC "-//BSH//DTD DITA BSH Bshtask//EN" "bsh/bshtask.dtd" [
]>
<!--Arbortext, Inc., 1988-2007, v.4002--><?Pub EntList alpha bull copy rArr sect trade ohm?><bshtask id="SL1227692">
<goal id="SL1227693">Check the induction electronics (ELIN)</goal>
<req-tools>
<req-tool>Digital multimeter <article>00340944</article> (or country-specific one)</req-tool>
</req-tools>
<prerequisite>
<list>
<list-entry>
<para>Appliance not connected to the mains.</para>
</list-entry>
<list-entry>
<para>Glass-ceramic removed.</para>
</list-entry>
</list>
<list>
<list-entry>
<para>Operating module removed.</para>
</list-entry>
</list>
<list>
<list-entry>
<para>Inductors removed from the housing.</para>
</list-entry>
</list>
<list>
<list-entry>
<para>Inductor housing removed.</para>
</list-entry>
</list>
</prerequisite>
<embed-warning id="SL1293952">

</embed-warning>
<embed-warning id="SL1293956">

</embed-warning>
<bshtaskbody>
<action>
<step-bsh>Check the inductors&apos; connections. If the screw&apos;s thread is worn, change the screw. If the problem is on the electronic board (fixing of screw or Faston), replace the induction electronics.</step-bsh>
</action>
<action>
<step-bsh>Check the resistance of the electronic board&apos;s <protected>IGBTs</protected>.</step-bsh>
<simple-graphic>
<graphic id="SL1249654"></graphic></simple-graphic>
</action>
<action>
<hint>
<para>The resistance values are:</para>
<list>
<list-entry>
<para>A &gt; <tech-val> <value>10</value> <unit>KΩ</unit> </tech-val></para>
</list-entry>
</list>
<list>
<list-entry>
<para>B &gt; <tech-val> <value>5</value> <unit>KΩ</unit> </tech-val></para>
</list-entry>
</list>
</hint>
<step-bsh>If the values measured are out of range, replace the induction electronics.</step-bsh>
</action>
<action>
<maintenance-link id="SL1293986"><?Pub Caret?>Disassembly ELIN</maintenance-link>
</action>
<action>
<step-bsh>Check the condition of the fuse tracks on the underside of the induction electronics.</step-bsh>
<simple-graphic>
<graphic id="SL1249655"></graphic></simple-graphic>
<result-bsh>
<para>1: Fuse track of the power supply.</para>
<para>If it is damaged, first check the condition of the inductors&apos; <protected>NTCs</protected> (visual inspection of wires and measurement of resistance). If any insulation has been damaged or caught by a mechanical component, this filter board fault may occur.</para>
<para>Replace the damaged <protected>NTC</protected> and the ELIN.</para>
<para>2: Power fuse track (for left side).</para>
<para>3: Power fuse track (for right side).</para>
<para>If 2 or 3 fails, replace the induction electronics.</para>
</result-bsh>
</action>
<action>
<condstep>
<condition>If the appliance&apos;s operating <desc-link id="SL1311837">module has a TFT screen or Neff TwistPad,</desc-link> </condition>
<step-bsh>It must <bold>ALWAYS be calibrated</bold> after any repairs, with the glass fitted and the appliance installed in its place. Requirement tool: for <protected>TFT</protected> <article>15000283</article>.</step-bsh>
<step-bsh>See circuit diagram &quot;Error codes and service programmes (<protected>ASP</protected>)&quot; in <protected>QuickFinder</protected>.</step-bsh>
</condstep>
</action>
<action>
<condstep>
<condition>If the appliance has a <desc-link id="SL1311842">PDS detection system,</desc-link></condition>
<step-bsh>It must <bold>ALWAYS be calibrated</bold> after any repairs, with the glass fitted and the appliance installed in its place. The glass should not be hot and there should be no pots or other objects on the glass.</step-bsh>
<step-bsh>See circuit diagram &quot;Error codes and service programmes (<protected>ASP</protected>)&quot; in <protected>QuickFinder</protected>.</step-bsh>
</condstep>
</action>
</bshtaskbody>
</bshtask>