<?xml version="1.0" encoding="UTF-8"?>
<!DOCTYPE fault PUBLIC "-//BSH//DTD DITA BSH Bshfaultdiag//EN" "bsh/bshfaultdiag.dtd" [
]>
<!--Arbortext, Inc., 1988-2007, v.4002--><fault>
<faultdesc>Frying sensor function not available</faultdesc>
<causes>
<cause>
<para>The appliance is not equipped with this function</para>
</cause>
<procedure>
<customer-info>
<para>Not all appliances have this function.</para>
</customer-info>
</procedure>
</causes>
<causes>
<cause>
<para>The appliance has not been properly programmed after the repair</para>
</cause>
<procedure>
<maintenance-link id="SL1313961"><?Pub Caret?>Carry out the programming (&quot;Coding&quot;) using the iService.</maintenance-link>
</procedure>
</causes>
</fault>