<?xml version="1.0" encoding="UTF-8"?>
<!DOCTYPE bshtask PUBLIC "-//BSH//DTD DITA BSH Bshtask//EN" "bsh/bshtask.dtd" [
]>
<!--Arbortext, Inc., 1988-2007, v.4002--><bshtask id="SL941853">
<goal id="SL941854">Check interference with the radio, lighting systems, other household appliances or electrical appliances and systems</goal>
<advance-organizer>
<para>Emission and immunity levels to prevent electrical appliances from interfering with each other are laid down in the relevant standards.</para>
<para>Your initial response to any customer complaint should be that our appliances are certified and they accomplish all current standards.</para>
<para>This interference can occur for different reasons:</para>
<list>
<list-entry>
<para>The radio, lighting system, electrical appliances or systems do not fulfil product immunity standards.</para>
</list-entry>
</list>
<list>
<list-entry>
<para>The hob does not comply with the emission limits specified in the product standard. This is highly unlikely, as our hobs are certified in accordance with European and international standards (<protected>CISPR11, EN 60335-2-6, EN 62233, EN 55014-1 / EN 55011,
EN 55014-2</protected>) and therefore comply with the established emission limits. We also monitor this during assembly line production.</para>
</list-entry>
</list>
<list>
<list-entry>
<para>There are specific cases in which interference occurs despite both pieces of equipment complying with the standards. The standards cannot cover a vast range of potential scenarios (only the most common ones) and it is possible that interference may continue.</para>
</list-entry>
</list>
<hint>
<list>
<list-entry>
<para>Check for interference by following the steps below.</para>
</list-entry>
<list-entry>
<para>If the customer pursues the complaint, the engineer may show (<bold>but never give!</bold>) the customer the Declaration of Conformity and the certificate for the hob.</para>
</list-entry>
<list-entry>
<para>Request these documents from the factory using the eFSB / TIM system.</para>
</list-entry>
</list>
</hint><?Pub Caret1?>
</advance-organizer>
<bshtaskbody>
<action>
<condstep>
<condition>In the case of interference with the radio:</condition>
<step-bsh>Increase the distance between the radio and the cooker or connect the radio to a different socket. This will show whether the electrical installation is emitting or conducting the coupled interference.</step-bsh>
<step-bsh>If the power wire is too long, gather the excess wire up using a couple of ties. The length of the power wire may affect the likelihood of there being resonance. </step-bsh>
<step-bsh>Check whether interference with the radio occurs when the cooker light is on or off. Some lighting systems place a heavy load on household electrical installations.</step-bsh>
</condstep>
</action>
<action>
<condstep>
<condition>In the case of interference with lighting systems:</condition>
<step-bsh>Explain to the customer that our hobs are designed to work with a good ground connection. If the ground is not optimal, the household electrical installation may produce common mode currents which are exacerbated when coming into contact with a metal pot during operation, and this may cause interference in lights controlled by dimmers, which can be particularly sensitive to them. Therefore, it is essential that these electrical circuits are fully compliant with electrical safety and electromagnetic compatibility standards in order for them to work properly.</step-bsh>
<step-bsh></step-bsh>
</condstep>
</action>
<action>
<condstep>
<condition>If the two devices comply with the relevant standards but interference still occurs:</condition>
<step-bsh>Check that the hob is correctly installed and, above all, properly grounded.</step-bsh>
<step-bsh>Check if the ground installation of the house is correctly installed. Faulty grounding installations are common, especially in older properties.</step-bsh>
</condstep>
</action>
</bshtaskbody>
</bshtask>