<?xml version="1.0" encoding="UTF-8"?>
<!DOCTYPE bshtask PUBLIC "-//BSH//DTD DITA BSH Bshtask//EN" "bsh/bshtask.dtd" [
]>
<!--Arbortext, Inc., 1988-2007, v.4002--><?Pub EntList alpha bull copy rArr sect trade ohm?><bshtask id="SL1227692">
<goal id="SL1227693">Check the inductor&apos;s <protected>NTC</protected></goal>
<bshtaskbody>
<subtask>
<goal id="SL1239158">Check the resistance of the <protected>NTC</protected></goal>
<req-tools>
<req-tool>Digital multimeter <article>00340944</article> (or country-specific one)</req-tool>
<req-tool>Thermometer <protected>GTH1170 </protected><article>00341176</article> </req-tool>
<req-tool>Surface temperature sensor <article>00340961</article></req-tool>
</req-tools>
<prerequisite>
<list>
<list-entry>
<para>Appliance not connected to the mains.</para>
</list-entry>
</list>
<list>
<list-entry>
<para>Glass-ceramic removed.</para>
</list-entry>
</list>
<list>
<list-entry>
<para>Operating module removed.</para>
</list-entry>
</list>
<list>
<list-entry>
<para>Inductors removed from the housing.</para>
</list-entry>
</list>
<list>
<list-entry>
<para>Inductor housing removed.</para>
</list-entry>
</list>
</prerequisite>
<embed-warning id="SL1296264">

</embed-warning>
<embed-warning id="SL1296839">

</embed-warning>
<action>
<maintenance-link id="SL1296280">Remove the NTC from the inductor.</maintenance-link>
</action>
<action>
<step-bsh>Disconnect the <protected>NTC</protected> from the induction electronics.</step-bsh>
</action>
<action>
<step-bsh>Measure the resistance of the <protected>NTC</protected>. <cross-ref id="SL1311565">Resistance values table <protected>NTC</protected>.</cross-ref></step-bsh>
<simple-graphic>
<graphic id="SL1250720"></graphic></simple-graphic>
</action>
<action>
<step-bsh>Measure the room temperature.</step-bsh>
</action>
<action>
<step-bsh>Compare the values measured (temperature / resistance) with the nominal values of the <protected>NTC</protected>.</step-bsh>
</action>
<action>
<step-bsh>Replace the damaged <protected>NTC</protected>.</step-bsh>
</action>
<action>
<condstep>
<condition>If the appliance&apos;s operating <desc-link id="SL1311875">module has a TFT screen or Neff TwistPad,</desc-link></condition>
<step-bsh>It must <bold>ALWAYS be calibrated</bold> after any repairs, with the glass fitted and the appliance installed in its place. Requirement tool: for <protected>TFT</protected> <article>15000283</article>.</step-bsh>
<step-bsh>See circuit diagram &quot;Error codes and service programmes (<protected>ASP</protected>)&quot; in <protected>QuickFinder</protected>.</step-bsh>
</condstep>
</action>
<action>
<condstep>
<condition>If the appliance has a <desc-link id="SL1311870">PDS detection system,</desc-link></condition>
<step-bsh>It must <bold>ALWAYS be calibrated</bold> after any repairs, with the glass fitted and the appliance installed in its place. The glass should not be hot and there should be no pots or other objects on the glass.</step-bsh>
<step-bsh>See circuit diagram &quot;Error codes and service programmes (<protected>ASP</protected>)&quot; in <protected>QuickFinder</protected>.</step-bsh>
</condstep>
</action>
</subtask>
<subtask>
<goal id="SL1239167"><?Pub Caret?>Resistance values table <protected>NTC</protected></goal>
<advance-organizer>
<table-block layout="layout_001">
<tgrid>
<tgroup cols="2">
<colspec colname="col1"></colspec>
<colspec colname="col2"></colspec>
<thead>
<row>
<entry valign="top">
<para><tech-val> <value><protected>Temp.</protected></value> <unit>&ordm;C</unit> </tech-val></para>
</entry>
<entry valign="top">
<para><tech-val> <value><protected>R Nom</protected></value> <unit>kΩ</unit> </tech-val></para>
</entry>
</row>
</thead>
<tbody>
<row>
<entry>
<para>0</para>
</entry>
<entry>
<para>158.112</para>
</entry>
</row>
<row>
<entry>
<para>5</para>
</entry>
<entry>
<para>123.033</para>
</entry>
</row>
<row>
<entry>
<para>10</para>
</entry>
<entry>
<para>96.473</para>
</entry>
</row>
<row>
<entry>
<para>15</para>
</entry>
<entry>
<para>76.202</para>
</entry>
</row>
<row>
<entry>
<para>20</para>
</entry>
<entry>
<para>60.613</para>
</entry>
</row>
<row>
<entry>
<para>25</para>
</entry>
<entry>
<para>48.538</para>
</entry>
</row>
<row>
<entry>
<para>30</para>
</entry>
<entry>
<para>39.119</para>
</entry>
</row>
<row>
<entry>
<para>35</para>
</entry>
<entry>
<para>31.722</para>
</entry>
</row>
<row>
<entry>
<para>40</para>
</entry>
<entry>
<para>25.877</para>
</entry>
</row>
<row>
<entry>
<para>45</para>
</entry>
<entry>
<para>21.228</para>
</entry>
</row>
<row>
<entry>
<para>50</para>
</entry>
<entry>
<para>17.510</para>
</entry>
</row>
<row>
<entry>
<para>55</para>
</entry>
<entry>
<para>14.518</para>
</entry>
</row>
<row>
<entry>
<para>60</para>
</entry>
<entry>
<para>12.098</para>
</entry>
</row>
<row>
<entry>
<para>65</para>
</entry>
<entry>
<para>10.131</para>
</entry>
</row>
<row>
<entry>
<para>70</para>
</entry>
<entry>
<para>8.523</para>
</entry>
</row>
<row>
<entry>
<para>75</para>
</entry>
<entry>
<para>7.202</para>
</entry>
</row>
<row>
<entry>
<para>80</para>
</entry>
<entry>
<para>6.112</para>
</entry>
</row>
<row>
<entry>
<para>85</para>
</entry>
<entry>
<para>5.209</para>
</entry>
</row>
<row>
<entry>
<para>90</para>
</entry>
<entry>
<para>4.457</para>
</entry>
</row>
<row>
<entry>
<para>95</para>
</entry>
<entry>
<para>3.828</para>
</entry>
</row>
<row>
<entry>
<para>100</para>
</entry>
<entry>
<para>0.330</para>
</entry>
</row>
</tbody>
</tgroup>
</tgrid>
<ttitle id="SL1239168">Nominal temperature / resistance values.</ttitle>
</table-block>
</advance-organizer>
<action></action>
</subtask>
</bshtaskbody>
</bshtask>