<?xml version="1.0" encoding="UTF-8"?>
<!DOCTYPE fault PUBLIC "-//BSH//DTD DITA BSH Bshfaultdiag//EN" "bsh/bshfaultdiag.dtd" [
]>
<!--Arbortext, Inc., 1988-2007, v.4002--><fault>
<faultdesc>No pot detected. The power level flashes.</faultdesc>
<causes>
<cause>
<para>The pot is too small for the size of the cooking zone and/or the composition of the base means that it does not have sufficient ferromagnetic material.</para>
</cause>
<procedure>
<proced-action>
<simple-hint>See the pots that are recommended for induction in the instructions for use. The most suitable cooking zone for the diameter of the base of the pot should be used.</simple-hint>
</proced-action>
<maintenance-link id="SL1303221"><?Pub Caret?>Check the suitability of the pot using the basic settings menu (c12) or by using iService-Monitoring.</maintenance-link>
</procedure>
</causes>
<causes>
<cause>
<para>Pot incorrectly positioned (<protected>Flex</protected> zones)</para>
</cause>
<procedure>
<proced-action>
<simple-hint>In the instructions for use, see the recommendations on the positioning of pots.</simple-hint>
<step-bsh>Position the pot correctly, according to the desired layout of the cooking zones. For pots to be properly detected in the flexible zone, their base must cover the central part of the inductors. </step-bsh>
</proced-action>
</procedure>
</causes>
</fault>