<?xml version="1.0" encoding="UTF-8"?>
<!DOCTYPE bshdesc PUBLIC "-//BSH//DTD DITA BSH Bshdesc//EN" "bsh/bshdesc.dtd" [
]>
<!--Arbortext, Inc., 1988-2007, v.4002--><bshdesc id="SL1228314">
<title id="SL1228315">Operating modules (<protected>Touch control</protected>)</title>
<bshdescbody>
<para>There are 3 types of technology used in the operating modules:</para>
<list>
<list-entry>
<para><bold>Infrared sensors</bold>. They detect pressure applied by the customer using a beam of infrared light. Each sensor has a transmitter and a receiver.</para>
<para><inline-graphic id="SL1283026"></inline-graphic></para>
</list-entry>
</list>
<list>
<list-entry>
<para><bold>Capacitive foam sensors.</bold> They detect the discharge from the customer&apos;s touch. The foam cylinder conducts that discharge to the operating module.</para>
<para><inline-graphic id="SL1283030"></inline-graphic></para>
</list-entry>
</list>
<list>
<list-entry>
<para><bold>&quot;Smartkii&quot; capacitive sensors.</bold> A single sensor combines the sensor lighting, the printed lettering for this function and customer touch detection.</para>
<para><inline-graphic id="SL1283034"></inline-graphic></para>
</list-entry>
</list>
<subdesc>
<title id="SL1235803">Description of the functions available in the operating modules</title>
<para>Below there is a brief description of the main functions (availability depends on the model). For further information, view the appliance&apos;s instructions for use.</para>
<table-block layout="layout_001">
<tgrid>
<tgroup cols="2">
<colspec colname="col1"></colspec>
<colspec colname="col2"></colspec>
<tbody>
<row>
<entry>
<para>Restart</para>
</entry>
<entry>
<para>If the hob is turned off and on again in less than <tech-val> <value>4 - 5</value> <unit>seconds</unit> </tech-val>, the latest configuration is kept (functions and power levels active just before the hob was switched off).</para>
</entry>
</row>
<row>
<entry>
<para><protected>Quickstart</protected> (quick start)</para>
</entry>
<entry>
<para>If when the hob is turned on a pot is detected on one of the cooking zones, that zone is automatically selected so that the user only has to set the power level.</para>
</entry>
</row>
<row>
<entry>
<para>Keep warm</para>
</entry>
<entry>
<para>A suitable function for melting chocolate or butter and for keeping food hot.</para>
</entry>
</row>
<row>
<entry>
<para><protected>PowerBoost</protected></para>
</entry>
<entry>
<para>This function allows you to heat large amounts of water more quickly than is possible using power level 9.</para>
</entry>
</row>
<row>
<entry>
<para><protected>ShortBoost</protected></para>
</entry>
<entry>
<para>With this function you can heat up the pot more quickly than is possible using power level 9.</para>
</entry>
</row>
<row>
<entry>
<para><protected>APDS</protected> (pot detection system)</para>
</entry>
<entry>
<para>During the cooking process, enables the detection of any additional pot placed on a cooking zone.</para>
</entry>
</row>
<row>
<entry>
<para>Joint/Split <protected>Flex</protected> zones</para>
</entry>
<entry>
<para>Makes it possible to use the <protected>Flex</protected> zone as a single zone or as 2 separate zones.</para>
</entry>
</row>
<row>
<entry>
<para>Setting transfer (<protected>Flex</protected> zones with <protected>PDS</protected>)</para>
</entry>
<entry>
<para>This function allows you to transfer the power level and the programmed cooking time from one cooking zone to another. To transfer the settings, move the pot from the active cooking zone to another cooking zone.</para>
</entry>
</row>
<row>
<entry>
<para>Symmetry (<protected>Flex</protected> zones with <protected>PDS</protected>)</para>
</entry>
<entry>
<para>For appliances with a 5th inductor, it displays the side (left/right) which has been associated with the 5th inductor.</para>
</entry>
</row>
<row>
<entry>
<para><protected>ProfiMode</protected> (<protected>Flex</protected> zones with <protected>PDS</protected>, only <protected>Gaggenau</protected>)</para>
</entry>
<entry>
<para>Allows the hob to be divided into 3 cooking zones, each with a pre-established power level.</para>
</entry>
</row>
<row>
<entry>
<para><protected>DualZone</protected> - Move Function in <protected>Combi</protected> zones</para>
</entry>
<entry>
<para>This function allows you to combine the two round cooking zones from one side, each of the same size, while activating a different power level in each of them.</para>
</entry>
</row>
<row>
<entry>
<para><protected>PowerMove</protected> - <protected>Move</protected> Function in <protected>Flex</protected> zones</para>
</entry>
<entry>
<para>On activating this function, the entire flexible zone is activated and divided into three different cooking zones, each with a pre-established power level.</para>
</entry>
</row>
<row>
<entry>
<para>Timer (Setting the cooking time)</para>
</entry>
<entry>
<para>The zone is automatically switched off when the selected time has passed. When you set a cooking time in a zone where one of the Cooking functions is activated, the programmed cooking time will start to count down when the selected temperature level is reached (except for <protected>Gaggenau</protected>, which starts to count down immediately).</para>
</entry>
</row>
<row>
<entry>
<para>Egg timer (countdown)</para>
</entry>
<entry>
<para>The clock timer allows you to set a time of up to 99 minutes. It is separate from the cooking zones and the other settings. This function does not automatically switch off a cooking zone.</para>
</entry>
</row>
<row>
<entry>
<para>Count-up Timer (Cooking timer)</para>
</entry>
<entry>
<para>The timer displays the time that has passed since the function was activated. It is separate from the cooking zones and the other settings. This function does not automatically switch off a cooking zone.</para>
</entry>
</row>
<row>
<entry>
<para>Frying Sensor Function (<protected>Frying sensor</protected>)</para>
</entry>
<entry>
<para>A function designed for frying / roasting with little oil. It maintains the temperature of the pot.</para>
</entry>
</row>
<row>
<entry>
<para>Cooking Functions (<protected>Cooking sensor</protected>)</para>
</entry>
<entry>
<para>For cooking without excessive boiling and with perfect cooking and frying results. An external wireless temperature sensor that is stuck to the pan is required.</para>
</entry>
</row>
<row>
<entry>
<para>Child lock</para>
</entry>
<entry>
<para>Prevents accidental contact with the hob and stops children from switching on the cooking zones.</para>
</entry>
</row>
<row>
<entry>
<para>Wipe protection</para>
</entry>
<entry>
<para>Allows the user to clean the control panel without any risk of changing the settings for <tech-val> <value>35</value> <unit>seconds</unit> </tech-val>.</para>
</entry>
</row>
<row>
<entry>
<para>Operation Time Limit (Automatic safety switch-off)</para>
</entry>
<entry>
<para>When a cooking zone is in operation for a prolonged period of time and no changes are made to the settings, the automatic safety switch-off is activated. The cooking zone stops heating.</para>
</entry>
</row>
<row>
<entry>
<para>Residual heat indication</para>
</entry>
<entry>
<para>&quot;<protected>h/H</protected>&quot; shows the user that the glass is still hot, to prevent burns and take advantage of the residual heat.</para>
</entry>
</row>
<row>
<entry>
<para>Overtemperature (Switch-off due to overheating of the control panel)</para>
</entry>
<entry>
<para>When the control panel overheats, the front cooking zones (first safety threshold) or all zones (second threshold) are switched off.</para>
</entry>
</row>
<row>
<entry>
<para><protected>PowerManagement</protected></para>
</entry>
<entry>
<para>This makes it possible to limit the total power of the hob.</para>
</entry>
</row>
<row>
<entry>
<para>Energy consumption</para>
</entry>
<entry>
<para>Shows the total energy consumption.</para>
</entry>
</row>
</tbody>
</tgroup>
</tgrid>
<ttitle id="SL1278942">Different functions available in different operating modules.</ttitle>
</table-block>
</subdesc>
<subdesc>
<title id="SL1278968"><protected>EasyTouch - YL230</protected></title>
<media>
<graphic-block>
<graphic id="SL1280939"></graphic>
<title-graphic id="SL1280998">Example of <protected>EasyTouch
- YL230</protected> operating module</title-graphic>
</graphic-block>
</media>
<media>
<graphic-block>
<graphic id="SL1284331"></graphic>
<title-graphic id="SL1284358">Example of user view</title-graphic>
</graphic-block>
</media>
<para><bold>Technology</bold>: Infrared sensors.</para>
<para><bold>Supported functions</bold> (availability depends on the model):</para>
<list>
<list-entry>
<para>Restart (except for ovenhobs with <protected>polybox</protected>)</para>
</list-entry>
<list-entry>
<para><protected>PowerBoost</protected></para>
</list-entry>
<list-entry>
<para>Joint/Split <protected>Flex</protected> zones</para>
</list-entry>
<list-entry>
<para><protected>Quickstart</protected> (quick start) (except for ovenhobs with <protected>polybox</protected>)</para>
</list-entry>
<list-entry>
<para>Timer (Setting the cooking time)</para>
</list-entry>
<list-entry>
<para>Egg timer (countdown)</para>
</list-entry>
<list-entry>
<para>Child lock</para>
</list-entry>
<list-entry>
<para>Operation Time Limit (Automatic safety switch-off)</para>
</list-entry>
<list-entry>
<para>Residual heat indication</para>
</list-entry>
<list-entry>
<para>Overtemperature (Switch-off due to overheating of the control panel)</para>
</list-entry>
<list-entry>
<para><protected>PowerManagement</protected> (except for ovenhobs with <protected>polybox</protected>)</para>
</list-entry>
</list>
</subdesc>
<subdesc>
<title id="SL1278979"><protected>MultiTouch - YL231</protected></title>
<media>
<graphic-block>
<graphic id="SL1280971"></graphic>
<title-graphic id="SL1280999">Example of <protected>MultiTouch
- YL231</protected> operating module</title-graphic>
</graphic-block>
</media>
<media>
<graphic-block>
<graphic id="SL1284335"></graphic>
<title-graphic id="SL1284359">Example of user view</title-graphic>
</graphic-block>
</media>
<para><bold>Technology</bold>: Capacitive foam sensors.</para>
<para><bold>Supported functions</bold> (availability depends on the model):</para>
<list>
<list-entry>
<para>Restart</para>
</list-entry>
<list-entry>
<para>Keep warm (only <protected>Neff</protected>)</para>
</list-entry>
<list-entry>
<para><protected>PowerBoost</protected></para>
</list-entry>
<list-entry>
<para>Joint/Split <protected>Flex</protected> zones</para>
</list-entry>
<list-entry>
<para><protected>DualZone</protected> - Move Function in <protected>Combi</protected> zones</para>
</list-entry>
<list-entry>
<para><protected>Quickstart</protected> (quick start)</para>
</list-entry>
<list-entry>
<para>Timer (Setting the cooking time)</para>
</list-entry>
<list-entry>
<para>Egg timer (countdown)</para>
</list-entry>
<list-entry>
<para>Frying Sensor Function <protected>Frying sensor</protected> (except for <protected>Neff, Constructa, Junker, Viva y Blaupunkt</protected>)</para>
</list-entry>
<list-entry>
<para>Child lock</para>
</list-entry>
<list-entry>
<para>Wipe protection</para>
</list-entry>
<list-entry>
<para>Operation Time Limit (Automatic safety switch-off)</para>
</list-entry>
<list-entry>
<para>Residual heat indication</para>
</list-entry>
<list-entry>
<para>Overtemperature (Switch-off due to overheating of the control panel)</para>
</list-entry>
<list-entry>
<para><protected>PowerManagement</protected></para>
</list-entry>
<list-entry>
<para>Energy consumption (except for <protected>Balay</protected>)</para>
</list-entry>
</list>
</subdesc>
<subdesc>
<title id="SL1278984"><protected>Siemens LightSlider - YL236/YL237</protected></title>
<media>
<graphic-block>
<graphic id="SL1280975"></graphic>
<title-graphic id="SL1281000">Example of <protected>Siemens
LightSlider - YL236/YL237</protected> operating module</title-graphic>
</graphic-block>
</media>
<media>
<graphic-block>
<graphic id="SL1284340"></graphic>
<title-graphic id="SL1284360">Example of user view</title-graphic>
</graphic-block>
</media>
<para><bold>Technology</bold>: Capacitive sensors (<protected>Smartkii</protected>).</para>
<para><bold>Supported functions</bold> (availability depends on the model):</para>
<list>
<list-entry>
<para>Restart</para>
</list-entry>
<list-entry>
<para>Keep warm</para>
</list-entry>
<list-entry>
<para><protected>PowerBoost</protected></para>
</list-entry>
<list-entry>
<para><protected>ShortBoost</protected></para>
</list-entry>
<list-entry>
<para>Joint/Split <protected>Flex</protected> zones</para>
</list-entry>
<list-entry>
<para>Setting transfer (<protected>Flex</protected> zones with <protected>PDS</protected>)</para>
</list-entry>
<list-entry>
<para><protected>PowerMove</protected> - <protected>Move</protected> Function in <protected>Flex</protected> zones</para>
</list-entry>
<list-entry>
<para><protected>Quickstart</protected> (quick start)</para>
</list-entry>
<list-entry>
<para>Symmetry (<protected>Flex</protected> zones with <protected>PDS</protected>)</para>
</list-entry>
<list-entry>
<para>Timer (Setting the cooking time)</para>
</list-entry>
<list-entry>
<para>Egg timer (countdown)</para>
</list-entry>
<list-entry>
<para>Count-up Timer (Cooking timer)</para>
</list-entry>
<list-entry>
<para>Frying Sensor Function (<protected>Frying sensor</protected>)</para>
</list-entry>
<list-entry>
<para>Cooking Sensor Function (<protected>Cooking sensor</protected>)</para>
</list-entry>
<list-entry>
<para>Child lock</para>
</list-entry>
<list-entry>
<para>Wipe protection</para>
</list-entry>
<list-entry>
<para>Operation Time Limit (Automatic safety switch-off)</para>
</list-entry>
<list-entry>
<para>Residual heat indication</para>
</list-entry>
<list-entry>
<para>Overtemperature (Switch-off due to overheating of the control panel)</para>
</list-entry>
<list-entry>
<para><protected>PowerManagement</protected></para>
</list-entry>
<list-entry>
<para>Energy consumption</para>
</list-entry>
</list>
</subdesc>
<subdesc>
<title id="SL1278989"><protected>Bosch Direct Select 2.0 - YL238</protected></title>
<media>
<graphic-block>
<graphic id="SL1280979"></graphic>
<title-graphic id="SL1281001">Example of <protected>Bosch
Direct Select 2.0 - YL238</protected> operating module</title-graphic>
</graphic-block>
</media>
<media>
<graphic-block>
<graphic id="SL1284345"></graphic>
<title-graphic id="SL1284361">Example of user view</title-graphic>
</graphic-block>
</media>
<para><bold>Technology</bold>: Capacitive sensors (<protected>Smartkii</protected>).</para>
<para><bold>Supported functions</bold> (availability depends on the model):</para>
<list>
<list-entry>
<para>Restart</para>
</list-entry>
<list-entry>
<para>Keep warm</para>
</list-entry>
<list-entry>
<para><protected>PowerBoost</protected></para>
</list-entry>
<list-entry>
<para><protected>ShortBoost</protected></para>
</list-entry>
<list-entry>
<para>Joint/Split <protected>Flex</protected> zones</para>
</list-entry>
<list-entry>
<para>Setting transfer (<protected>Flex</protected> zones with <protected>PDS</protected>)</para>
</list-entry>
<list-entry>
<para><protected>DualZone</protected> - Move Function in <protected>Combi</protected> zones</para>
</list-entry>
<list-entry>
<para><protected>PowerMove</protected> - <protected>Move</protected> Function in <protected>Flex</protected> zones</para>
</list-entry>
<list-entry>
<para><protected>Quickstart</protected> (quick start)</para>
</list-entry>
<list-entry>
<para>Symmetry (<protected>Flex</protected> zones with <protected>PDS</protected>)</para>
</list-entry>
<list-entry>
<para>Timer (Setting the cooking time)</para>
</list-entry>
<list-entry>
<para>Egg timer (countdown)</para>
</list-entry>
<list-entry>
<para>Count-up Timer (Cooking timer)</para>
</list-entry>
<list-entry>
<para>Frying Sensor Function (<protected>Frying sensor</protected>)</para>
</list-entry>
<list-entry>
<para>Cooking Sensor Function (<protected>Cooking sensor</protected>)</para>
</list-entry>
<list-entry>
<para>Child lock</para>
</list-entry>
<list-entry>
<para>Wipe protection</para>
</list-entry>
<list-entry>
<para>Operation Time Limit (Automatic safety switch-off)</para>
</list-entry>
<list-entry>
<para>Residual heat indication</para>
</list-entry>
<list-entry>
<para>Overtemperature (Switch-off due to overheating of the control panel)</para>
</list-entry>
<list-entry>
<para><protected>PowerManagement</protected></para>
</list-entry>
<list-entry>
<para>Energy consumption</para>
</list-entry>
</list>
</subdesc>
<subdesc>
<title id="SL1278993"><protected>Neff TwistPad - YL239</protected></title>
<media>
<graphic-block>
<graphic id="SL1280983"></graphic>
<title-graphic id="SL1281002">Example of <protected>Neff
TwistPad - YL239</protected> operating module</title-graphic>
</graphic-block>
</media>
<media>
<graphic-block>
<graphic id="SL1284349"></graphic>
<title-graphic id="SL1284362">Example of user view</title-graphic>
</graphic-block>
</media>
<para><bold>Technology</bold>: Capacitive sensors (<protected>Smartkii</protected>) and infrared sensors for the control panel.</para>
<para><bold>Supported functions</bold> (availability depends on the model):</para>
<list>
<list-entry>
<para>Restart</para>
</list-entry>
<list-entry>
<para>Keep warm</para>
</list-entry>
<list-entry>
<para><protected>PowerBoost</protected></para>
</list-entry>
<list-entry>
<para><protected>ShortBoost</protected></para>
</list-entry>
<list-entry>
<para>Joint/Split <protected>Flex</protected> zones</para>
</list-entry>
<list-entry>
<para>Setting transfer (<protected>Flex</protected> zones with <protected>PDS</protected>)</para>
</list-entry>
<list-entry>
<para><protected>DualZone</protected> - Move Function in <protected>Combi</protected> zones</para>
</list-entry>
<list-entry>
<para><protected>PowerMove</protected> - <protected>Move</protected> Function in <protected>Flex</protected> zones</para>
</list-entry>
<list-entry>
<para><protected>Quickstart</protected> (quick start)</para>
</list-entry>
<list-entry>
<para>Symmetry (<protected>Flex</protected> zones with <protected>PDS</protected>)</para>
</list-entry>
<list-entry>
<para>Timer (Setting the cooking time)</para>
</list-entry>
<list-entry>
<para>Egg timer (countdown)</para>
</list-entry>
<list-entry>
<para>Count-up Timer (Cooking timer)</para>
</list-entry>
<list-entry>
<para>Frying Sensor Function (<protected>Frying sensor</protected>)</para>
</list-entry>
<list-entry>
<para>Child lock</para>
</list-entry>
<list-entry>
<para>Wipe protection</para>
</list-entry>
<list-entry>
<para>Operation Time Limit (Automatic safety switch-off)</para>
</list-entry>
<list-entry>
<para>Residual heat indication</para>
</list-entry>
<list-entry>
<para>Overtemperature (Switch-off due to overheating of the control panel)</para>
</list-entry>
<list-entry>
<para><protected>PowerManagement</protected></para>
</list-entry>
<list-entry>
<para>Energy consumption</para>
</list-entry>
</list>
</subdesc>
<subdesc>
<title id="SL1278997"><protected>Gaggenau TwistPad - YL240</protected></title>
<media>
<graphic-block>
<graphic id="SL1280987"></graphic>
<title-graphic id="SL1281003">Example of <protected>Gaggenau
TwistPad - YL240</protected> operating module</title-graphic>
</graphic-block>
</media>
<media>
<graphic-block>
<graphic id="SL1288620"></graphic>
<title-graphic id="SL1288621">Example of user view</title-graphic>
</graphic-block>
</media>
<para><bold>Technology</bold>: Capacitive sensors (<protected>Smartkii</protected>) and <protected>hall sensor</protected> for the control panel.</para>
<para><bold>Supported functions</bold> (availability depends on the model):</para>
<list>
<list-entry>
<para>Restart</para>
</list-entry>
<list-entry>
<para>Keep warm</para>
</list-entry>
<list-entry>
<para><protected>PowerBoost</protected></para>
</list-entry>
<list-entry>
<para><protected>ShortBoost</protected></para>
</list-entry>
<list-entry>
<para><protected>APDS</protected> (pot detection system)</para>
</list-entry>
<list-entry>
<para>Joint/Split <protected>Flex</protected> zones</para>
</list-entry>
<list-entry>
<para>Setting transfer (<protected>Flex</protected> zones with <protected>PDS</protected>)</para>
</list-entry>
<list-entry>
<para><protected>ProfiMode</protected> (<protected>Flex</protected> zones with <protected>PDS</protected>, only <protected>Gaggenau</protected>)</para>
</list-entry>
<list-entry>
<para><protected>Quickstart</protected> (quick start)</para>
</list-entry>
<list-entry>
<para>Timer (Setting the cooking time)</para>
</list-entry>
<list-entry>
<para>Egg timer (countdown)</para>
</list-entry>
<list-entry>
<para>Count-up Timer (Cooking timer)</para>
</list-entry>
<list-entry>
<para>Frying Sensor Function (<protected>Frying sensor</protected>)</para>
</list-entry>
<list-entry>
<para>Cooking Sensor Function (<protected>Cooking sensor</protected>)</para>
</list-entry>
<list-entry>
<para>Child lock</para>
</list-entry>
<list-entry>
<para>Wipe protection</para>
</list-entry>
<list-entry>
<para>Operation Time Limit (Automatic safety switch-off)</para>
</list-entry>
<list-entry>
<para>Residual heat indication</para>
</list-entry>
<list-entry>
<para>Overtemperature (Switch-off due to overheating of the control panel)</para>
</list-entry>
<list-entry>
<para><protected>PowerManagement</protected></para>
</list-entry>
</list>
</subdesc>
<subdesc>
<title id="SL1279001"><protected>TFT - YL242</protected></title>
<media>
<graphic-block>
<graphic id="SL1287185"></graphic>
<title-graphic id="SL1287195">Example of <protected>TFT
- YL242</protected> operating module</title-graphic>
</graphic-block>
</media>
<media>
<graphic-block>
<graphic id="SL1311069"></graphic>
<title-graphic id="SL1311070">Example of user view</title-graphic>
</graphic-block>
</media>
<para><bold>Technology</bold>: <protected>TFT</protected> (touchscreen).</para>
<para><bold>Supported functions</bold> (availability depends on the model):</para>
<list>
<list-entry>
<para>Restart</para>
</list-entry>
<list-entry>
<para>Keep warm</para>
</list-entry>
<list-entry>
<para><protected>PowerBoost</protected></para>
</list-entry>
<list-entry>
<para><protected>ShortBoost</protected></para>
</list-entry>
<list-entry>
<para><protected>APDS</protected> (pot detection system)</para>
</list-entry>
<list-entry>
<para>Joint/Split <protected>Flex</protected> zones</para>
</list-entry>
<list-entry>
<para>Setting transfer (<protected>Flex</protected> zones with <protected>PDS</protected>)</para>
</list-entry>
<list-entry>
<para><protected>PowerMove</protected> - <protected>Move</protected> Function in <protected>Flex</protected> zones</para>
</list-entry>
<list-entry>
<para><protected>Quickstart</protected> (quick start)</para>
</list-entry>
<list-entry>
<para>Symmetry (<protected>Flex</protected> zones with <protected>PDS</protected>)</para>
</list-entry>
<list-entry>
<para>Timer (Setting the cooking time)</para>
</list-entry>
<list-entry>
<para>Egg timer (countdown)</para>
</list-entry>
<list-entry>
<para>Count-up Timer (Cooking timer)</para>
</list-entry>
<list-entry>
<para>Frying Sensor Function (<protected>Frying sensor</protected>)</para>
</list-entry>
<list-entry>
<para>Cooking Sensor Function (<protected>Cooking sensor</protected>)</para>
</list-entry>
<list-entry>
<para>Child lock</para>
</list-entry>
<list-entry>
<para>Wipe protection</para>
</list-entry>
<list-entry>
<para>Operation Time Limit (Automatic safety switch-off)</para>
</list-entry>
<list-entry>
<para>Residual heat indication</para>
</list-entry>
<list-entry>
<para>Overtemperature (Switch-off due to overheating of the control panel)</para>
</list-entry>
<list-entry>
<para><protected>PowerManagement</protected></para>
</list-entry>
<list-entry>
<para>Energy consumption</para>
</list-entry>
</list>
</subdesc>
<subdesc>
<title id="SL1279002"><protected>Domino MultiTouch - YL243</protected></title>
<media>
<graphic-block>
<graphic id="SL1280991"></graphic>
<title-graphic id="SL1281004">Example of <protected>Domino
MultiTouch - YL243</protected> operating module</title-graphic>
</graphic-block>
</media>
<media>
<graphic-block>
<graphic id="SL1284354"></graphic>
<title-graphic id="SL1284363">Example of user view</title-graphic>
</graphic-block>
</media>
<para><bold>Technology</bold>: Capacitive foam sensors.</para>
<para><bold>Supported functions</bold> (availability depends on the model):</para>
<list>
<list-entry>
<para>Restart</para>
</list-entry>
<list-entry>
<para>Keep warm (only <protected>Neff</protected> and <protected>Viva</protected>)</para>
</list-entry>
<list-entry>
<para><protected>PowerBoost</protected></para>
</list-entry>
<list-entry>
<para><protected>ShortBoost</protected> (only <protected>Neff</protected> and <protected>Viva</protected>)</para>
</list-entry>
<list-entry>
<para>Joint/Split <protected>Flex</protected> zones</para>
</list-entry>
<list-entry>
<para><protected>PowerMove</protected> - <protected>Move</protected> function in <protected>Flex</protected> <?Pub Caret?>zones (only <protected>Siemens</protected> and <protected>Neff</protected>)</para>
</list-entry>
<list-entry>
<para><protected>Quickstart</protected> (quick start)</para>
</list-entry>
<list-entry>
<para>Timer (Setting the cooking time)</para>
</list-entry>
<list-entry>
<para>Egg timer (countdown)</para>
</list-entry>
<list-entry>
<para>Count-up Timer (Cooking timer)</para>
</list-entry>
<list-entry>
<para>Child lock</para>
</list-entry>
<list-entry>
<para>Wipe protection (except for <protected>Bosch</protected>)</para>
</list-entry>
<list-entry>
<para>Operation Time Limit (Automatic safety switch-off)</para>
</list-entry>
<list-entry>
<para>Residual heat indication</para>
</list-entry>
<list-entry>
<para>Overtemperature (Switch-off due to overheating of the control panel)</para>
</list-entry>
<list-entry>
<para><protected>PowerManagement</protected></para>
</list-entry>
<list-entry>
<para>Energy consumption (except for <protected>Balay</protected>)</para>
</list-entry>
</list>
</subdesc>
</bshdescbody>
</bshdesc>