<?xml version="1.0" encoding="UTF-8"?>
<!DOCTYPE bshtask PUBLIC "-//BSH//DTD DITA BSH Bshtask//EN" "bsh/bshtask.dtd" [
]>
<!--Arbortext, Inc., 1988-2007, v.4002--><bshtask id="SL1272893">
<goal id="SL1272894">Connect the wireless cooking sensor to the control panel</goal>
<bshtaskbody>
<hint>
<para>Before using the Cooking Functions for the first time, you must connect the wireless cooking sensor to the control panel.</para>
</hint>
<action>
<step-bsh>Select the basic setting <display>c 14</display>. The indicator of one of the cooking zones and the <display>-</display> indicator light up. The programming zones are switched off.</step-bsh>
</action>
<action>
<step-bsh>Select the cooking zone whose indicator is lit. A beep sounds. The pan indicator flashes.</step-bsh>
</action>
<action>
<step-bsh>During the next <tech-val> <value>30</value> <unit>seconds,</unit> </tech-val> press the thermometer symbol on the wireless cooking sensor. After a few seconds, the cooking zone&apos;s display will show whether the cooking sensor has been successfully connected to the control panel.</step-bsh>
</action>
<result-bsh>
<para><display>0</display> Correctly connected.</para>
<para><display>1</display> Not correctly connected due to a communication error.<?Pub Caret?></para>
<para><display>2</display> Not correctly connected due to an error in the cooking sensor.</para>
</result-bsh>
</bshtaskbody>
</bshtask>