<?xml version="1.0" encoding="UTF-8"?>
<!DOCTYPE bshdesc PUBLIC "-//BSH//DTD DITA BSH Bshdesc//EN" "bsh/bshdesc.dtd" [
]>
<!--Arbortext, Inc., 1988-2007, v.4002--><bshdesc id="SL1228314">
<title id="SL1228315">Inductors</title>
<bshdescbody>
<table-block layout="layout_004">
<tgrid pagelayout="page">
<tgroup cols="15">
<colspec colname="col1" colwidth="2.63*"></colspec>
<colspec colname="col2" colwidth="0.89*"></colspec>
<colspec colname="col3" colwidth="0.88*"></colspec>
<colspec colname="col4" colwidth="0.88*"></colspec>
<colspec colname="col5" colwidth="0.88*"></colspec>
<colspec colname="col6" colwidth="0.91*"></colspec>
<colspec colname="col7" colwidth="0.86*"></colspec>
<colspec colname="col8" colwidth="0.88*"></colspec>
<colspec colname="col9" colwidth="0.88*"></colspec>
<colspec colname="col10" colwidth="0.89*"></colspec>
<colspec colname="col11" colwidth="0.89*"></colspec>
<colspec colname="col12" colwidth="0.88*"></colspec>
<colspec colname="col13" colwidth="0.86*"></colspec>
<colspec colname="col14" colwidth="0.91*"></colspec>
<colspec colname="col15" colwidth="0.88*"></colspec>
<thead>
<row>
<entry valign="top">
<para>Picture</para>
</entry>
<entry valign="top">
<para>Name</para>
</entry>
<entry valign="top">
<para>Diameter</para>
</entry>
<entry valign="top">
<para>Combination</para>
</entry>
<entry valign="top">
<para>Power (W) </para>
<para>Level 9</para>
</entry>
<entry valign="top">
<para>Power (W) </para>
<para>Booster</para>
</entry>
<entry valign="top">
<para>Power (W) </para>
<para>Super booster</para>
</entry>
<entry valign="top">
<para>Power (W) </para>
<para>PanBoost</para>
</entry>
<entry valign="top">
<para>Connection type</para>
</entry>
<entry valign="top">
<para>Type of mica</para>
</entry>
<entry valign="top">
<para>Central <protected>NTC </protected></para>
</entry>
<entry valign="top">
<para>Connection central <protected>NTC</protected></para>
</entry>
<entry valign="top">
<para>Frying sensor function (FS)</para>
</entry>
<entry valign="top">
<para>External <protected>NTC</protected></para>
</entry>
<entry valign="top">
<para>Connection external <protected>NTC</protected></para>
</entry>
</row>
</thead>
<tbody>
<row>
<entry morerows="2" rowsep="1">
<simple-graphic>
<graphic id="SL1259219"></graphic></simple-graphic>
</entry>
<entry morerows="2" rowsep="1">
<para>32T</para>
</entry>
<entry morerows="2" rowsep="1">
<para>21/26/32 cm</para>
</entry>
<entry>
<para>Z1</para>
</entry>
<entry>
<para>2200</para>
</entry>
<entry>
<para>3700</para>
</entry>
<entry>
<para>---</para>
</entry>
<entry>
<para>2800</para>
</entry>
<entry morerows="2" rowsep="1">
<para>Torx 20 screw</para>
</entry>
<entry morerows="2" rowsep="1">
<para>Loose</para>
</entry>
<entry morerows="2" rowsep="1">
<para>YES</para>
</entry>
<entry morerows="2" rowsep="1">
<para>2-way</para>
</entry>
<entry morerows="2" rowsep="1">
<para>Depends on model</para>
</entry>
<entry morerows="2" rowsep="1">
<para>Always (even without the Frying sensor function)</para>
</entry>
<entry morerows="2" rowsep="1">
<para>3-way</para>
</entry>
</row>
<row>
<entry>
<para>Z1+Z2</para>
</entry>
<entry>
<para>2600</para>
</entry>
<entry>
<para>3700</para>
</entry>
<entry>
<para>4400</para>
</entry>
<entry>
<para>3100</para>
</entry>
</row>
<row>
<entry>
<para>Z1+Z2+Z3</para>
</entry>
<entry>
<para>3300</para>
</entry>
<entry>
<para>3700</para>
</entry>
<entry>
<para>5500</para>
</entry>
<entry>
<para>3700</para>
</entry>
</row>
<row>
<entry>
<simple-graphic>
<graphic id="SL1258577"></graphic></simple-graphic>
</entry>
<entry>
<para>F28S</para>
</entry>
<entry>
<para><tech-val> <value>28</value> <unit>cm</unit> </tech-val></para>
</entry>
<entry></entry>
<entry>
<para>2700</para>
</entry>
<entry>
<para>3700</para>
</entry>
<entry>
<para>---</para>
</entry>
<entry>
<para>3100</para>
</entry>
<entry>
<para>Torx 20 screw</para>
</entry>
<entry>
<para>Loose</para>
</entry>
<entry>
<para>YES</para>
</entry>
<entry>
<para>2-way</para>
</entry>
<entry>
<para>Depends on model</para>
</entry>
<entry>
<para>Depends on model</para>
</entry>
<entry>
<para>3-way</para>
</entry>
</row>
<row>
<entry>
<simple-graphic>
<graphic id="SL1258579"></graphic></simple-graphic>
</entry>
<entry>
<para>F21</para>
</entry>
<entry>
<para><tech-val> <value>21</value> <unit>cm</unit> </tech-val></para>
</entry>
<entry></entry>
<entry>
<para>2200</para>
</entry>
<entry>
<para>3700</para>
</entry>
<entry>
<para>---</para>
</entry>
<entry>
<para>2800</para>
</entry>
<entry>
<para>Torx 20 screw</para>
</entry>
<entry>
<para>Loose</para>
</entry>
<entry>
<para>YES</para>
</entry>
<entry>
<para>2-way</para>
</entry>
<entry>
<para>Depends on model</para>
</entry>
<entry>
<para>Depends on model</para>
</entry>
<entry>
<para>3-way</para>
</entry>
</row>
<row>
<entry>
<simple-graphic>
<graphic id="SL1258580"></graphic></simple-graphic>
</entry>
<entry>
<para>F18B</para>
</entry>
<entry>
<para><tech-val> <value>18</value> <unit>cm</unit> </tech-val> with roaster (<protected>Bräter</protected>)</para>
</entry>
<entry></entry>
<entry>
<para>2000</para>
</entry>
<entry>
<para>3700</para>
</entry>
<entry>
<para>---</para>
</entry>
<entry>
<para>2100</para>
</entry>
<entry>
<para>18 cm - Torx 20</para>
<para>Br&auml;ter - Faston</para>
</entry>
<entry>
<para>18 cm - Loose</para>
<para> Roaster - Attached</para>
</entry>
<entry>
<para>18 cm - YES</para>
<para>Br&auml;ter - NO</para>
</entry>
<entry>
<para>18 cm - 2-way</para>
<para>Br&auml;ter - without <protected>NTC</protected></para>
</entry>
<entry>
<para>Depends on model</para>
</entry>
<entry>
<para>Depends on model</para>
</entry>
<entry>
<para>3-way</para>
</entry>
</row>
<row>
<entry>
<simple-graphic>
<graphic id="SL1258581"></graphic></simple-graphic>
</entry>
<entry>
<para>BR</para>
</entry>
<entry>
<para>&quot;<protected>Bräter</protected>&quot; roaster</para>
</entry>
<entry></entry>
<entry></entry>
<entry></entry>
<entry></entry>
<entry></entry>
<entry>
<para>Faston</para>
</entry>
<entry>
<para>Attached</para>
</entry>
<entry>
<para>NO</para>
</entry>
<entry>
<para>2-way</para>
</entry>
<entry>
<para>NO</para>
</entry>
<entry>
<para>NO</para>
</entry>
<entry>
<para>NO</para>
</entry>
</row>
<row>
<entry>
<simple-graphic>
<graphic id="SL1258582"></graphic></simple-graphic>
</entry>
<entry>
<para>F18</para>
</entry>
<entry>
<para><tech-val> <value>18</value> <unit>cm</unit> </tech-val></para>
</entry>
<entry></entry>
<entry>
<para>1800</para>
</entry>
<entry>
<para>3100</para>
</entry>
<entry>
<para>---</para>
</entry>
<entry>
<para>2100</para>
</entry>
<entry>
<para>Torx 20 screw</para>
</entry>
<entry>
<para>Loose</para>
</entry>
<entry>
<para>YES</para>
</entry>
<entry>
<para>2-way</para>
</entry>
<entry>
<para>Depends on model</para>
</entry>
<entry>
<para>Depends on model</para>
</entry>
<entry>
<para>3-way</para>
</entry>
</row>
<row>
<entry>
<simple-graphic>
<graphic id="SL1258583"></graphic></simple-graphic>
</entry>
<entry>
<para>F15</para>
</entry>
<entry>
<para><tech-val> <value>14.5</value> <unit>cm</unit> </tech-val></para>
</entry>
<entry></entry>
<entry>
<para>1400</para>
</entry>
<entry>
<para>2200</para>
</entry>
<entry>
<para>---</para>
</entry>
<entry>
<para>1600</para>
</entry>
<entry>
<para>Torx 20 screw</para>
</entry>
<entry>
<para>Attached</para>
</entry>
<entry>
<para>YES</para>
</entry>
<entry>
<para>2-way</para>
</entry>
<entry>
<para>Depends on model</para>
</entry>
<entry>
<para>NO (models with <protected>FS</protected> use the central <protected>NTC</protected>)</para>
</entry>
<entry>
<para>NO</para>
</entry>
</row>
<row>
<entry>
<simple-graphic>
<graphic id="SL1258584"></graphic></simple-graphic>
</entry>
<entry>
<para>Vector</para>
<para>red</para>
</entry>
<entry></entry>
<entry></entry>
<entry>
<para>1100</para>
</entry>
<entry>
<para>1850</para>
</entry>
<entry>
<para>---</para>
</entry>
<entry>
<para>1200</para>
</entry>
<entry>
<para>Faston</para>
</entry>
<entry>
<para>Attached</para>
</entry>
<entry>
<para>YES</para>
</entry>
<entry>
<para>2-way</para>
</entry>
<entry>
<para>Depends on model</para>
</entry>
<entry>
<para>NO (models with <protected>FS</protected> use the central <protected>NTC</protected>)</para>
</entry>
<entry>
<para>NO</para>
</entry>
</row>
<row>
<entry><?Pub Caret?>
<simple-graphic>
<graphic id="SL1258585"></graphic></simple-graphic>
</entry>
<entry>
<para>Grey vector and 5th vector</para>
</entry>
<entry></entry>
<entry></entry>
<entry>
<para>1100</para>
</entry>
<entry>
<para>1850</para>
</entry>
<entry>
<para>---</para>
</entry>
<entry>
<para>1200</para>
</entry>
<entry>
<para>Faston</para>
</entry>
<entry>
<para>Attached</para>
</entry>
<entry>
<para>YES</para>
</entry>
<entry>
<para>3-way</para>
</entry>
<entry>
<para>Depends on model</para>
</entry>
<entry>
<para>NO (models with <protected>FS</protected> use the central <protected>NTC</protected>)</para>
</entry>
<entry>
<para>NO</para>
</entry>
</row>
</tbody>
</tgroup>
</tgrid>
<ttitle id="SL1259101">Overview of inductors. Different types of inductors used and main features.</ttitle>
</table-block>
<subdesc>
<title id="SL1235687">Anchoring system</title>
<para>Each inductor has two protruding edges so that it can be attached to the aluminium plate.</para>
<media>
<graphic-block>
<graphic id="SL1259102"></graphic>
<title-graphic id="SL1259103">Upper view of the inductor fastened to the aluminium base</title-graphic>
</graphic-block>
</media>
<media>
<graphic-block>
<graphic id="SL1259104"></graphic>
<title-graphic id="SL1259105">Lower view of the inductor fastened to the aluminium plate</title-graphic>
</graphic-block>
</media>
</subdesc>
<subdesc>
<title id="SL1235688">Electrical connection to the power module</title>
<para>The type of connection to the power module depends on the type of inductor.</para>
<media>
<graphic-block>
<graphic id="SL1267301"></graphic>
<title-graphic id="SL1267309">Ring inductors: connected using Torx 20 screw.</title-graphic>
</graphic-block>
</media>
<media>
<graphic-block>
<graphic id="SL1267305"></graphic>
<title-graphic id="SL1267310">Oval inductors: connected using Faston.</title-graphic>
</graphic-block>
</media>
</subdesc>
</bshdescbody>
</bshdesc>