<?xml version="1.0" encoding="UTF-8"?>
<!DOCTYPE bshtask PUBLIC "-//BSH//DTD DITA BSH Bshtask//EN" "bsh/bshtask.dtd" [
]>
<!--Arbortext, Inc., 1988-2007, v.4002--><bshtask id="SL1227692">
<goal id="SL1227693">Check the electrical connection of the appliance</goal>
<bshtaskbody>
<hint>
<para>The information about the <bold>correct electrical connection</bold> appears in the following documents:</para>
<list>
<list-entry>
<para>Installation instructions.</para>
</list-entry>
<list-entry>
<para>Wiring sticker on the base of the device.</para>
</list-entry>
</list>
</hint>
<action></action>
</bshtaskbody><?Pub Caret1?>
</bshtask>