<?xml version="1.0" encoding="UTF-8"?>
<!DOCTYPE fault PUBLIC "-//BSH//DTD DITA BSH Bshfaultdiag//EN" "bsh/bshfaultdiag.dtd" [
]>
<!--Arbortext, Inc., 1988-2007, v.4002--><fault>
<faultdesc>The customer complains that there is too big a gap between the glass of the hob and the worktop</faultdesc>
<causes>
<cause>
<para>Manufacturing tolerances</para>
</cause>
<procedure>
<proced-action>
<simple-hint>See the instructions in the repair manual &quot;Gap tolerances between the glass and the worktop&quot;.</simple-hint>
<step-bsh>Check that the hob is properly installed, according to the installation instructions.</step-bsh>
</proced-action>
<proced-action>
<step-bsh>Check that the distance between the glass and the worktop is within the manufacturing tolerances.</step-bsh>
</proced-action>
<customer-info>
<para>The distance complies with the manufacturing tolerances.</para>
</customer-info>
</procedure><?Pub Caret1?>
</causes>
</fault>