<?xml version="1.0" encoding="UTF-8"?>
<!DOCTYPE bshdesc PUBLIC "-//BSH//DTD DITA BSH Bshdesc//EN" "bsh/bshdesc.dtd" [
]>
<!--Arbortext, Inc., 1988-2007, v.4002--><bshdesc id="SL1228314">
<title id="SL1228315">Cooking aid functions</title>
<bshdescbody>
<subdesc>
<title id="SL1235803">Frying Sensor Function</title>
<hint>
<para>The Frying sensor function is not available in all models. To find out if the appliance has the Frying sensor function, view the sales information or <protected>PI-Center</protected>.</para>
</hint>
<para>The Frying sensor function keeps the temperature of the pot constant.</para>
<para>A sensor (<bold>external <protected>NTC</protected></bold>) in the inductor continuously measures the temperature of the pot.</para>
<hint>
<para>For <protected>Vector</protected> and ring inductors of <tech-val> <value>145</value> <unit>mm</unit> </tech-val>, this function is performed by the <bold>central <protected>NTC</protected> </bold>.</para>
</hint>
<para>This sensor sends information to the control unit located on the <protected>ELIN</protected>. In turn, the <protected>ELIN</protected> regulates the power according to the information received.</para>
<para>The pot is heated to a preset temperature and never exceeds <tech-val> <value>250</value> <unit>&ordm;C</unit> </tech-val>.</para>
<media>
<graphic-block>
<graphic id="SL1298581"></graphic>
<title-graphic id="SL1298594">Functional diagram of the Frying sensor function.</title-graphic>
</graphic-block>
</media>
<media>
<graphic-block>
<graphic id="SL1298585"></graphic>
<title-graphic id="SL1298595">Diagram of temperatures reached with the Frying sensor function.</title-graphic>
</graphic-block>
</media>
<para>Explanation of the colours on the above diagram:</para>
<list>
<list-entry>
<para>In red, the temperature measured by the external <protected>NTC</protected>.</para>
</list-entry>
</list>
<list>
<list-entry>
<para>In green, the temperature measured in the pot.</para>
</list-entry>
</list>
<list>
<list-entry>
<para>In brown, the estimated temperature of the pot.</para>
</list-entry>
</list>
<para>The heating times required until the temperature is reached vary according to the power level selected.</para>
<para>There are up to 5 temperature levels for the Frying sensor function:</para>
<list numbered="yes">
<list-entry>
<para>Very low (depending on model)</para>
</list-entry>
<list-entry>
<para>Low</para>
</list-entry>
<list-entry>
<para>Medium-low</para>
</list-entry>
<list-entry>
<para>Medium-high</para>
</list-entry>
<list-entry>
<para>High</para>
</list-entry>
</list>
<para>When the desired temperature for the level of frying is reached in the selected zone, a beep sounds.</para>
<hint>
<para>For further information, <bold>view the instruction manual</bold>, in the chapter on Cooking aid functions - Frying sensor function.</para>
</hint>
</subdesc>
<subdesc>
<title id="SL1236019">Cooking Functions</title>
<para>These functions allow you to heat food, cook at a low heat, boil, cook with a pressure cooker and fry with plenty of oil in the pan, all at a controlled temperature.</para>
<para>These functions are available in all cooking zones.</para>
<table-block layout="layout_001">
<tgrid>
<tgroup cols="3">
<colspec colname="col1"></colspec>
<colspec colname="col2"></colspec>
<colspec colname="col3"></colspec>
<thead>
<row>
<entry valign="top">
<para>Cooking Functions</para>
</entry>
<entry valign="top">
<para>Temperature levels</para>
</entry>
<entry valign="top">
<para>Temperature range</para>
</entry>
</row>
</thead>
<tbody>
<row>
<entry>
<para>Heat / keep warm</para>
</entry>
<entry>
<para><tech-val> <value>1 / 70 </value> <unit>&ordm;C</unit> </tech-val></para>
</entry>
<entry>
<para><tech-val> <value>60 - 70 </value> <unit>&ordm;C</unit> </tech-val></para>
</entry>
</row>
<row>
<entry>
<para>Cook at a low heat</para>
</entry>
<entry>
<para><tech-val> <value>2 / 90 </value> <unit>&ordm;C</unit> </tech-val></para>
</entry>
<entry>
<para><tech-val> <value>80 - 90 </value> <unit>&ordm;C</unit> </tech-val></para>
</entry>
</row>
<row>
<entry>
<para>Boil</para>
</entry>
<entry>
<para><tech-val> <value>3 / 100 </value> <unit>&ordm;C</unit> </tech-val></para>
</entry>
<entry>
<para><tech-val> <value>90 - 100 </value> <unit>&ordm;C</unit> </tech-val></para>
</entry>
</row>
<row>
<entry>
<para>Cook with a pressure cooker</para>
</entry>
<entry>
<para><tech-val> <value>4 / 120 </value> <unit>&ordm;C</unit> </tech-val></para>
</entry>
<entry>
<para><tech-val> <value>110 - 120 </value> <unit>&ordm;C</unit> </tech-val></para>
</entry>
</row>
<row>
<entry>
<para>Fry with plenty of oil in the pan</para>
</entry>
<entry>
<para><tech-val> <value>5 / 170 </value> <unit>&ordm;C</unit> </tech-val></para>
</entry>
<entry>
<para><tech-val> <value>170 - 180 </value> <unit>&ordm;C</unit> </tech-val></para>
</entry>
</row>
</tbody>
</tgroup>
</tgrid>
<ttitle id="SL1304249">List of Cooking Functions.</ttitle>
</table-block>
<hint>
<para>For further information, <bold>view the instruction manual</bold>, in the chapter on Cooking aid functions - Cooking Functions.</para>
</hint>
<list numbered="yes">
<list-intro>
<para>The Cooking Functions require two additional components:</para>
</list-intro>
<list-entry>
<para><bold>Wireless temperature sensor.</bold> This is stuck to the pan with a magnet; it measures the temperature of the pot and sends this information to the cooking aid module. This sensor is included inside the packaging of the appliance. Other models do not include it but are equipped to support it. Only one sensor can be connected per hob (except for <protected>TFT</protected> which can support up to 3 sensors)<?Pub Caret?>.</para>
<para><inline-graphic id="SL1304328"></inline-graphic></para>
</list-entry>
<list-entry>
<para><bold><protected>(YL245)</protected> cooking aid module </bold> This communicates with the wireless temperature sensor and the appliance&apos;s operating module. It is located in the front left area of the hob.</para>
<para><inline-graphic id="SL1304239"></inline-graphic></para>
</list-entry>
</list>
</subdesc>
</bshdescbody>
</bshdesc>