<?xml version="1.0" encoding="UTF-8"?>
<!DOCTYPE bshdesc PUBLIC "-//BSH//DTD DITA BSH Bshdesc//EN" "bsh/bshdesc.dtd" [
]>
<!--Arbortext, Inc., 1988-2007, v.4002--><bshdesc id="SL1228314">
<title id="SL1228315">Detection and control of pot with power</title>
<bshdescbody>
<subdesc>
<title id="SL1235803">Concept</title>
<para>The common objectives of the pot detection and control system are:</para>
<list>
<list-entry>
<para>To detect pots placed on the cooking zones.</para>
</list-entry>
<list-entry>
<para>To supply optimum and adequate power for each pot on each type of inductor:</para>
<list-entry2>
<para>To protect the electronic system: Limited current levels and limited losses in the inverter.</para>
</list-entry2>
<list-entry2>
<para>Offering a good sense of usability and consistency for the different pots on the various inductors.</para>
</list-entry2>
</list-entry>
</list>
<para>The <bold>new objectives</bold> of the <protected>IH6.2</protected> platform are:</para>
<list>
<list-entry>
<para>To detect pots with a smaller diameter.</para>
</list-entry>
<list-entry>
<para>To focus especially on pots with non-ferromagnetic inserts on the base, which are becoming increasingly common on the market.</para>
</list-entry>
</list>
<media>
<graphic-block>
<graphic id="SL1298693"></graphic>
<title-graphic id="SL1298713">Examples of pots with non-ferromagnetic inserts on the base.</title-graphic>
</graphic-block>
</media>
</subdesc>
<subdesc>
<title id="SL1236002">Pot Inductor system model</title>
<para>To model the Inductor - pot system, the power factor parameter is calculated (<protected>FPenh</protected>).</para>
<media>
<graphic-block>
<graphic id="SL1298697"></graphic>
<title-graphic id="SL1298714">Pot-Inductor system model</title-graphic>
<legend>
<legendentry>
<posnr>1</posnr>
<postext>Pot</postext>
</legendentry>
<legendentry>
<posnr>2</posnr>
<postext>Glass ceramic part</postext>
</legendentry>
<legendentry>
<posnr>3</posnr>
<postext>Mica</postext>
</legendentry>
<legendentry>
<posnr>4</posnr>
<postext>Inductor</postext>
</legendentry>
<legendentry>
<posnr>5</posnr>
<postext>Ferrites</postext>
</legendentry>
<legendentry>
<posnr>6</posnr>
<postext>Aluminium</postext>
</legendentry>
<legendentry>
<posnr>7</posnr>
<postext>Inductor-Pot Model</postext>
</legendentry>
</legend>
</graphic-block>
</media>
</subdesc>
<subdesc>
<title id="SL1298715">Power regulation procedure for <protected>IH6.1</protected> and previous generations</title>
<para>According to the <protected>FPenh</protected> value, which evaluates the quality of the pot, a power output percentage is applied.</para>
<media>
<graphic-block>
<graphic id="SL1298701"></graphic>
<title-graphic id="SL1298716">Power regulation according to the <protected>FPenh</protected> of the pot-inductor set.</title-graphic>
</graphic-block>
</media>
<para>According to the material and size of the pot, the power delivered is reduced to protect the electronic system and offer a proper sense of usability.</para>
<para>The limitation of this system is that it is not able to distinguish between smaller pots made from good materials and larger pots made from lower quality materials.</para>
<media>
<graphic-block>
<graphic id="SL1298705"></graphic>
<title-graphic id="SL1298717">A large low-quality pot is the same as a small high-quality pot.</title-graphic>
</graphic-block>
</media>
<para>It is not possible to detect small pots with non-ferromagnetic inserts on the base.</para>
</subdesc>
<subdesc>
<title id="SL1298718">Power regulation procedure for <protected>IH6.2</protected></title>
<para>For <protected>IH6.2</protected> a second parameter called L (inductance) is used for regulation, thus ensuring the regulation of two factors. This makes it possible to distinguish between the sizes and materials of the pots.</para>
<para>Now it is possible to detect large pots with non-ferromagnetic inserts on the base and distinguish them from small pots with good ferromagnetic material on<?Pub Caret?> the base, so that the power supplied can be set to suit each type of pot.</para>
<media>
<graphic-block>
<graphic id="SL1298709"></graphic>
<title-graphic id="SL1298719">Characteristics chart of pots and control curve.</title-graphic>
</graphic-block>
</media>
</subdesc>
</bshdescbody>
</bshdesc>