<?xml version="1.0" encoding="UTF-8"?>
<!DOCTYPE bshtask PUBLIC "-//BSH//DTD DITA BSH Bshtask//EN" "bsh/bshtask.dtd" [
]>
<!--Arbortext, Inc., 1988-2007, v.4002--><bshtask id="SL1228117">
<goal id="SL1228118">Disassembly / Assembly of filter board.</goal>
<bshtaskbody>
<subtask>
<goal id="SL1259481">Disassembly of filter board.</goal>
<prerequisite>
<list>
<list-entry>
<para>The appliance has to be disconnected from the mains.</para>
</list-entry>
<list-entry>
<para>The appliance has been removed from the opening in the worktop.</para>
</list-entry>
</list>
</prerequisite>
<embed-warning id="SL1295530">

</embed-warning>
<embed-warning id="SL1295534">

</embed-warning>
<action>
<maintenance-link id="SL1289510">Remove the glass-ceramic.</maintenance-link>
</action>
<action>
<step-bsh>Disconnect the cooking aid module.</step-bsh>
</action>
<action>
<maintenance-link id="SL1289514">Remove the operating module.</maintenance-link>
</action>
<action>
<maintenance-link id="SL1289522">Remove the inductors.</maintenance-link>
</action>
<action>
<maintenance-link id="SL1289526"><?Pub Caret?>Remove the aluminium base.</maintenance-link>
</action>
<action>
<step-bsh>Remove the power connector from the <protected>ELIN</protected>.</step-bsh>
<simple-graphic>
<graphic id="SL1289530"></graphic></simple-graphic>
</action>
<action>
<step-bsh>Remove the mains input connector.</step-bsh>
<simple-graphic>
<graphic id="SL1289531"></graphic></simple-graphic>
</action>
<action>
<step-bsh>Remove the connector from the fan and wiring so that they do not interfere with the operation.</step-bsh>
<simple-graphic>
<graphic id="SL1289532"></graphic></simple-graphic>
</action>
<action>
<step-bsh>Remove the connector from the operating module&apos;s power and communication wiring (depending on the type of filter board). Remove the retainer first.</step-bsh>
<simple-graphic>
<graphic id="SL1289533"></graphic></simple-graphic>
</action>
<action>
<step-bsh>Remove the grounding and fastening screw.</step-bsh>
<simple-graphic>
<graphic id="SL1289534"></graphic></simple-graphic>
</action>
<action>
<step-bsh>Remove the mounting clips.</step-bsh>
<simple-graphic>
<graphic id="SL1289535"></graphic></simple-graphic>
</action>
<action>
<step-bsh>Remove the filter board.</step-bsh>
<simple-graphic>
<graphic id="SL1289536"></graphic></simple-graphic>
</action>
</subtask>
<subtask>
<goal id="SL1259482">Assembly of filter board</goal>
<notice>
<source-of-danger>The screw that fastens the filter board also serves as an grounding screw!</source-of-danger>
<step-bsh>It has to be fitted following each repair to the filter board.</step-bsh>
<step-bsh>If the screw is lost, the spare part code is <article>00636637</article>.</step-bsh>
</notice>
<notice>
<source-of-danger>Damage to the <protected>NTC</protected> wires!</source-of-danger>
<step-bsh>The wires should not be pulled tight over the edge of the aluminium plate.</step-bsh>
<step-bsh>The wires should not be trapped between the inductor housing and the aluminium plate.</step-bsh>
<step-bsh>The wires should not be trapped between the frame and the aluminium plate.</step-bsh>
</notice>
<action>
<step-bsh>Follow the disassembly instructions in reverse order.</step-bsh>
</action>
<action>
<condstep>
<condition>If the appliance&apos;s operating <desc-link id="SL1311953">module has a TFT screen or Neff TwistPad,</desc-link></condition>
<step-bsh>It must <bold>ALWAYS be calibrated</bold> after any repairs, with the glass fitted and the appliance installed in its place. Requirement tool: for <protected>TFT</protected> <article>15000283</article>.</step-bsh>
<step-bsh>See circuit diagram &quot;Error codes and service programmes (<protected>ASP</protected>)&quot; in <protected>QuickFinder</protected>.</step-bsh>
</condstep>
</action>
<action>
<condstep>
<condition>If the appliance has a <desc-link id="SL1311958">PDS detection system,</desc-link></condition>
<step-bsh>It must <bold>ALWAYS be calibrated</bold> after any repairs, with the glass fitted and the appliance installed in its place. The glass should not be hot and there should be no pots or other objects on the glass.</step-bsh>
<step-bsh>See circuit diagram &quot;Error codes and service programmes (<protected>ASP</protected>)&quot; in <protected>QuickFinder</protected>.</step-bsh>
</condstep>
</action>
</subtask>
</bshtaskbody>
</bshtask>