<?xml version="1.0" encoding="UTF-8"?>
<!DOCTYPE fault PUBLIC "-//BSH//DTD DITA BSH Bshfaultdiag//EN" "bsh/bshfaultdiag.dtd" [
]>
<!--Arbortext, Inc., 1988-2007, v.4002--><fault>
<faultdesc>The appliance won&apos;t switch on. Nothing is displayed on the control panel</faultdesc>
<causes>
<cause>
<para>Incorrect input voltage</para>
</cause>
<procedure>
<proced-action>
<step-bsh>Check if there is a power supply at the socket and if the voltage is correct.</step-bsh>
</proced-action>
<proced-action>
<step-bsh>Check the condition of the power cord.</step-bsh>
</proced-action>
</procedure>
</causes>
<causes>
<cause><?Pub Dtl?>
<para>Power cord incorrectly connected</para>
</cause>
<procedure>
<proced-action>
<simple-hint>View the instructions for connecting the appliance (installation manual or sticker at the base of the device).</simple-hint>
<step-bsh>Connect the appliance correctly.</step-bsh>
</proced-action>
</procedure>
</causes>
<causes>
<cause>
<para>Operating module incorrectly installed</para>
</cause>
<procedure>
<proced-action>
<step-bsh>Position the operating module correctly so that the lettering on the glass is aligned with the power sensor (the contact surfaces must be clean and dry).</step-bsh>
</proced-action>
</procedure>
</causes>
<causes>
<cause>
<para>Internal power failure between electronic modules</para>
</cause>
<procedure>
<maintenance-link id="SL1238491"><?Pub Caret?>Check the power supply of the electronic modules.</maintenance-link>
</procedure>
</causes>
</fault>