<?xml version="1.0" encoding="UTF-8"?>
<!DOCTYPE fault PUBLIC "-//BSH//DTD DITA BSH Bshfaultdiag//EN" "bsh/bshfaultdiag.dtd" [
]>
<!--Arbortext, Inc., 1988-2007, v.4002--><fault>
<faultdesc>Reduced power supplied</faultdesc>
<causes>
<cause>
<para>The pot is too small for the size of the cooking zone and/or the composition of the base means that it does not have sufficient ferromagnetic material.</para>
</cause>
<procedure>
<proced-action>
<simple-hint>See the pots that are recommended for induction in the instructions for use. The most suitable cooking zone for the diameter of the base of the pot should be used.</simple-hint>
</proced-action>
<maintenance-link id="SL1303225">Check the suitability of the pot using the basic settings menu (c12) or by using iService-Monitoring.</maintenance-link>
</procedure>
</causes>
<causes>
<cause>
<para>Overheating of internal components due to insufficient ventilation</para>
</cause>
<procedure>
<maintenance-link id="SL1252999">Check the operation of the fan.</maintenance-link> <maintenance-link id="SL1241147"><?Pub Caret?>Make sure that the appliance is properly ventilated inside the worktop.</maintenance-link>
</procedure>
<procedure>
<customer-info>
<para>If during installation the hob installation instructions are not followed, it must be adapted to ensure that the appliance is properly ventilated.</para>
</customer-info>
</procedure>
</causes>
<causes>
<cause>
<para>Low supply voltage</para>
</cause>
<procedure>
<proced-action>
<step-bsh>Check the supply voltage.</step-bsh>
</proced-action>
<customer-info>
<para>If the effective voltage is lower than <tech-val> <value>220</value> <unit>V</unit> </tech-val> the power supplied by the hob is reduced, and may even be as low as half of the nominal power. Below <tech-val> <value>150</value> <unit>V</unit> </tech-val> or above <tech-val> <value>270</value> <unit>V</unit> </tech-val>, the appliance cannot work and a warning message is displayed.</para>
</customer-info>
</procedure>
</causes>
</fault>