<?xml version="1.0" encoding="UTF-8"?>
<!DOCTYPE bshtask PUBLIC "-//BSH//DTD DITA BSH Bshtask//EN" "bsh/bshtask.dtd" [
]>
<!--Arbortext, Inc., 1988-2007, v.4002--><bshtask id="SL1228117">
<goal id="SL1228118">Disassembly / Assembly of glass-ceramic</goal>
<bshtaskbody>
<subtask>
<goal id="SL1240938">Disassembly of the glass-ceramic</goal>
<prerequisite>
<list>
<list-entry>
<para>The appliance has to be disconnected from the mains.</para>
</list-entry>
</list>
<list>
<list-entry>
<para>The appliance has been removed from the worktop.</para>
</list-entry>
</list>
</prerequisite>
<embed-warning id="SL1295483">

</embed-warning>
<embed-warning id="SL1296849">

</embed-warning>
<action>
<step-bsh>Support the hob on a stable surface.</step-bsh>
</action>
<action>
<step-bsh>Remove the fastening screws from the glass.</step-bsh>
<simple-graphic>
<graphic id="SL1240939"></graphic></simple-graphic>
</action>
<action>
<step-bsh>Remove the two fastening flanges on the centre front and bottom part. On the domino hobs, these flanges are on the left and right.</step-bsh>
<simple-graphic>
<graphic id="SL1240940"></graphic></simple-graphic>
</action>
<action>
<step-bsh>Lift the glass-ceramic unit.</step-bsh>
<simple-graphic>
<graphic id="SL1278365"></graphic></simple-graphic>
</action>
</subtask>
<subtask>
<goal id="SL1240941">Assembly of the glass-ceramic</goal>
<action>
<step-bsh>Follow the disassembly instructions in reverse order.</step-bsh>
</action>
<action>
<condstep>
<condition>If the appliance&apos;s operating <desc-link id="SL1311881">module has a TFT screen or Neff TwistPad,</desc-link></condition>
<step-bsh>It must <bold>ALWAYS be calibrated</bold> after any repairs, with the glass fitted and the appliance installed in its place. Requirement tool: for <protected>TFT</protected> <article>15000283</article>.</step-bsh>
<step-bsh>See circuit diagram &quot;Error codes and service programmes (<protected>ASP</protected>)&quot; in <protected>QuickFinder</protected>.</step-bsh>
</condstep>
</action>
<action>
<condstep>
<condition>If the appliance has a <desc-link id="SL1311886">PDS detection system,</desc-link></condition>
<step-bsh>It must <bold>ALWAYS be calibrated</bold> after any repairs, with the glass fitted and the appliance installed in its place. The glass should not be hot and there should be no pots or other objects on the glass.</step-bsh>
<step-bsh>See the circuit diagram &quot;Error codes and service programmes (<protected>ASP</protected>)&quot; in <protected>QuickFinder</protected>.<?Pub Caret?></step-bsh>
</condstep>
</action>
</subtask>
</bshtaskbody>
</bshtask>