<?xml version="1.0" encoding="UTF-8"?>
<!DOCTYPE bshtask PUBLIC "-//BSH//DTD DITA BSH Bshtask//EN" "bsh/bshtask.dtd" [
]>
<!--Arbortext, Inc., 1988-2007, v.4002--><bshtask id="SL1228117">
<goal id="SL1228118">Disassembly / Assembly of the operating module</goal>
<prerequisite>
<list>
<list-entry>
<para>The appliance has to be disconnected from the mains.</para>
</list-entry>
</list>
<list>
<list-entry>
<para>The appliance has been removed from the worktop.</para>
</list-entry>
</list>
</prerequisite>
<embed-warning id="SL1295488">

</embed-warning>
<embed-warning id="SL1296854">

</embed-warning>
<bshtaskbody>
<subtask>
<goal id="SL1240983">Disassembly of the operating module</goal>
<action>
<maintenance-link id="SL1284503">Remove the glass-ceramic</maintenance-link>.
</action>
<action>
<step-bsh>Release the clips at the back.</step-bsh>
<simple-graphic>
<graphic id="SL1240984"></graphic></simple-graphic>
</action>
<action>
<step-bsh>Remove the electrical connector.</step-bsh>
<simple-graphic>
<graphic id="SL1285969"></graphic></simple-graphic>
</action>
<action>
<step-bsh>Remove the operating module from its housing.</step-bsh>
<simple-graphic>
<graphic id="SL1240985"></graphic></simple-graphic>
</action>
</subtask>
<subtask>
<goal id="SL1240986">Assembly the operating module.</goal>
<notice>
<source-of-danger>Malfunction due to incorrect positioning of the operating module!</source-of-danger>
<step-bsh>If the operating module is incorrectly positioned, the sensors will not be aligned with the lettering on the glass, resulting in the customer complaining.</step-bsh>
</notice>
<action>
<step-bsh>Follow the disassembly instructions in reverse order.</step-bsh>
</action>
<action>
<condstep>
<condition>If the appliance&apos;s operating <desc-link id="SL1311599">module has a TFT screen or Neff TwistPad,</desc-link></condition>
<step-bsh>It must <bold>ALWAYS be calibrated</bold> after any repairs, with the glass fitted and the appliance installed in its place. Requirement tool: for <protected>TFT</protected> <article>15000283</article>.</step-bsh>
<step-bsh>See circuit diagram &quot;Error codes and service programmes (<protected>ASP</protected>)&quot; in <protected>QuickFinder</protected>.</step-bsh>
</condstep>
</action>
<action>
<condstep>
<condition>If the appliance has a <desc-link id="SL1311605"><?Pub Caret?>PDS detection system,</desc-link></condition>
<step-bsh>It must <bold>ALWAYS be calibrated</bold> after any repairs, with the glass fitted and the appliance installed in its place. The glass should not be hot and there should be no pots or other objects on the glass.</step-bsh>
<step-bsh>See circuit diagram &quot;Error codes and service programmes (<protected>ASP</protected>)&quot; in <protected>QuickFinder</protected>.</step-bsh>
</condstep>
</action>
</subtask>
</bshtaskbody>
</bshtask>