<?xml version="1.0" encoding="UTF-8"?>
<!DOCTYPE bshdesc PUBLIC "-//BSH//DTD DITA BSH Bshdesc//EN" "bsh/bshdesc.dtd" [
]>
<!--Arbortext, Inc., 1988-2007, v.4002--><bshdesc id="SL1228314">
<title id="SL1228315">Fan</title>
<bshdescbody>
<subdesc>
<title id="SL1294521">Features</title>
<list>
<list-entry>
<para>The fan has a direct current (brushless).</para>
</list-entry>
</list>
<list>
<list-entry>
<para>The fan has electronic components inside.</para>
</list-entry>
</list>
<list>
<list-entry>
<para>The fan is connected to the <protected>ELIN</protected> via a three-wire connection.</para>
</list-entry>
</list>
<table-block layout="layout_001">
<tgrid>
<tgroup cols="2">
<colspec colname="col1"></colspec>
<colspec colname="col2"></colspec>
<tbody>
<row>
<entry>
<para><tech-val> <value>+24</value> <unit>V</unit> </tech-val></para>
</entry>
<entry>
<para><tech-val> <value>24</value> <unit>V DC</unit> </tech-val></para>
</entry>
</row>
<row>
<entry>
<para><protected>GND</protected></para>
</entry>
<entry>
<para>Ground</para>
</entry>
</row>
<row>
<entry>
<para><protected>TACHO</protected></para>
</entry>
<entry>
<para>Tachogenerator</para>
</entry>
</row>
</tbody>
</tgroup>
</tgrid>
<ttitle id="SL1295479"></ttitle>
</table-block>
<list>
<list-entry>
<para>The fan is fitted with clips.</para>
<para><inline-graphic id="SL1295475"></inline-graphic></para>
</list-entry>
</list>
</subdesc>
<subdesc>
<title id="SL1299368">Function of the fan</title>
<para>The function of the fan is to cool the electronic components by driving air through the radiator of the <protected>ELIN</protected>.</para>
<para>The fan is activated when the <protected>IGBTs</protected> of the induction electronics reach a certain temperature.</para>
</subdesc>
<subdesc>
<title id="SL1299369">Types</title>
<para>There are two types of fan:</para>
<list>
<list-entry>
<para>Small fan. This is only used when a <protected>ELIN.</protected> is being cooled.</para>
<para><inline-graphic id="SL1295452"></inline-graphic></para>
</list-entry>
</list>
<list>
<list-entry>
<para>Large fan. This is used when two <protected>ELIN</protected>s are being cooled.</para>
<para><inline-graphic id="SL1295456"></inline-graphic></para>
</list-entry>
</list>
</subdesc><?Pub Caret1?>
</bshdescbody>
</bshdesc>