<?xml version="1.0" encoding="UTF-8"?>
<!DOCTYPE fault PUBLIC "-//BSH//DTD DITA BSH Bshfaultdiag//EN" "bsh/bshfaultdiag.dtd" [
]>
<!--Arbortext, Inc., 1988-2007, v.4002--><fault>
<faultdesc>Interference with the radio, lighting systems, other household appliances or electrical appliances and systems</faultdesc>
<causes>
<cause>
<para>The radio, lighting system, electrical appliances or systems do not fulfil product immunity standards.</para>
<para>There are specific cases in which interference occurs despite both pieces of equipment complying with the standards.</para>
</cause>
<procedure>
<maintenance-link id="SL1238482"><?Pub Caret?>Check for interference with the radio, lighting systems, other household appliances or electrical appliances and systems.</maintenance-link>
<customer-info>
<para>Our appliances are certified and accomplish all current standards.</para>
</customer-info>
</procedure>
</causes>
</fault>