<?xml version="1.0" encoding="UTF-8"?>
<!DOCTYPE bshtask PUBLIC "-//BSH//DTD DITA BSH Bshtask//EN" "bsh/bshtask.dtd" [
]>
<!--Arbortext, Inc., 1988-2007, v.4002--><bshtask id="SL1228117">
<goal id="SL1228118">Disassembly / Assembly of <protected>NTC</protected> sensor</goal>
<bshtaskbody>
<subtask>
<goal id="SL1259465">Disassembly of <protected>NTC</protected> sensor</goal>
<req-tools>
<req-tool>Conductive silicone <article>00618647</article></req-tool>
</req-tools>
<prerequisite>
<list>
<list-entry>
<para>The appliance has to be disconnected from the mains.</para>
</list-entry>
<list-entry>
<para>The appliance has been removed from the worktop.</para>
</list-entry>
</list>
</prerequisite>
<embed-warning id="SL1295539">

</embed-warning>
<embed-warning id="SL1295543">

</embed-warning>
<action>
<maintenance-link id="SL1293791">Remove the glass-ceramic.</maintenance-link>
</action>
<action>
<maintenance-link id="SL1311723">Disconnect the cooking aid module.</maintenance-link>
</action>
<action>
<maintenance-link id="SL1293795">Remove the operating module.</maintenance-link>
</action>
<action>
<maintenance-link id="SL1293803">Release the inductors.</maintenance-link>
</action>
<action>
<maintenance-link id="SL1293808">Remove the aluminium plate.</maintenance-link>
</action>
<action>
<step-bsh>Disconnect the <protected>NTC</protected> from the <protected>ELIN</protected>.</step-bsh>
<simple-graphic>
<graphic id="SL1299848"></graphic></simple-graphic>
</action>
<action>
<step-bsh>Remove the <protected>NTC</protected> wire from its guide on the inductor bracket.</step-bsh>
<simple-graphic>
<graphic id="SL1299852"></graphic></simple-graphic>
</action>
<action>
<step-bsh>Remove the <protected>NTC</protected> from the inductor housing. Carefully push from the bottom.</step-bsh>
<simple-graphic>
<graphic id="SL1299856"></graphic></simple-graphic>
</action>
<action>
<step-bsh>Remove the <protected>NTC</protected> from the inductor housing.</step-bsh>
<simple-graphic>
<graphic id="SL1299860"></graphic></simple-graphic>
</action>
</subtask>
<subtask>
<goal id="SL1259466">Assembly of <protected>NTC</protected> sensor</goal>
<notice>
<source-of-danger>Damage to the <protected>NTC</protected> wires!</source-of-danger>
<step-bsh>The wires should not be pulled tight over the edge of the aluminium plate.</step-bsh>
<step-bsh>The wires should not be trapped between the inductor housing and the aluminium plate.</step-bsh>
<step-bsh>The wires should not be trapped between the frame and the aluminium plate.</step-bsh>
</notice>
<notice>
<source-of-danger>Malfunction due to lack of conductive silicone!</source-of-danger>
<step-bsh>When replacing the inductor, apply <article>00618647</article> conductive silicone on the <protected>NTC</protected> sensor.</step-bsh>
</notice>
<action>
<step-bsh>Follow the disassembly instructions in reverse order.</step-bsh>
</action>
<action>
<condstep>
<condition>If the appliance&apos;s operating <desc-link id="SL1311920">module has a TFT screen or Neff TwistPad,</desc-link></condition>
<step-bsh>It must <bold>ALWAYS be calibrated</bold> after any repairs, with the glass fitted and the appliance installed in its place. Requirement tool: for <protected>TFT</protected> <article>15000283</article>.</step-bsh>
<step-bsh>See circuit diagram &quot;Error codes and service programmes (<protected>ASP</protected>)&quot; in <protected>QuickFinder</protected>.</step-bsh>
</condstep>
</action>
<action>
<condstep>
<condition>If the appliance has a <desc-link id="SL1311925"><?Pub Caret?>PDS detection system,</desc-link></condition>
<step-bsh>It must <bold>ALWAYS be calibrated</bold> after any repairs, with the glass fitted and the appliance installed in its place. The glass should not be hot and there should be no pots or other objects on the glass.</step-bsh>
<step-bsh>See circuit diagram &quot;Error codes and service programmes (<protected>ASP</protected>)&quot; in <protected>QuickFinder</protected>.</step-bsh>
</condstep>
</action>
</subtask>
</bshtaskbody>
</bshtask>