<?xml version="1.0" encoding="UTF-8"?>
<!DOCTYPE bshdesc PUBLIC "-//BSH//DTD DITA BSH Bshdesc//EN" "bsh/bshdesc.dtd" [
]>
<!--Arbortext, Inc., 1988-2007, v.4002--><bshdesc id="SL1300879">
<title id="SL1300880">Detection of a pot without power in flexible zones with <protected>PDS</protected> (<protected>Pot Detection
System</protected>).</title>
<bshdescbody>
<subdesc>
<title id="SL1303114">Introduction</title>
<para>The <protected>PDS (Pot Detection System)</protected> enables the detection of pots without the need for power to be supplied to the inductor through the inverter that powers it.</para>
<para>This means that the user can use the flexible zones far more intuitively, because the cooking zones on which there are pots can be automatically pre-selected.</para>
<para>The <protected>PDS</protected> is installed with the following configurations, depending on the brand.</para>
<media>
<graphic-block>
<graphic id="SL1303003"></graphic>
<title-graphic id="SL1303115"><protected>Gaggenau</protected> versions</title-graphic>
</graphic-block>
</media>
<media>
<graphic-block>
<graphic id="SL1303007"></graphic>
<title-graphic id="SL1303116"><protected>Bosch</protected>, <protected>Siemens</protected> and <protected>Neff</protected> versions with 5th inductor</title-graphic>
</graphic-block>
</media>
<media>
<graphic-block>
<graphic id="SL1311132"></graphic>
<title-graphic id="SL1311133"><protected>Bosch</protected>, <protected>Siemens</protected> and <protected>Neff</protected> versions with TFT</title-graphic>
</graphic-block>
</media>
<para>The <protected>PDS</protected> enables special functions such as:</para>
<list>
<list-entry>
<para><bold>Setting transfer.</bold> Makes it possible to transfer the power level and programmed cooking time from one cooking zone to another.</para>
</list-entry>
<list-entry>
<para><bold>Symmetry.</bold> In appliances with a 5th inductor, it displays the side (left/right) associated with that inductor.</para>
<para></para>
</list-entry>
<list-entry>
<para><bold><protected>ProfiMode</protected></bold> <?Pub Caret?>(only <protected>Gaggenau</protected>). Allows you to divide the hob into 2 or 3 cooking zones, each with a pre-established power level.</para>
</list-entry>
</list>
</subdesc>
<subdesc>
<title id="SL1303117">Function</title>
<para>The <protected>PDS</protected> is based on a circuit integrated into the <protected>ELIN</protected>.</para>
<para>It has an oscillator designed to oscillate when it is connected to the inductor , at a frequency based on the system&apos;s inductance. The system resonates with the inductor&apos;s inductance, i.e. the oscillation frequency of the system changes with any variations in its inductance.</para>
<para>When a pot is added, the system&apos;s inductance is reduced and there is an increase in its resistance due to the currents induced in the pot, caused by the magnetic field in the inductor. With this change in the oscillation frequency it is possible to determine the inductor&apos;s degree of coverage. The range of oscillation frequencies will therefore depend on the coverage of the oscillator.</para>
</subdesc>
</bshdescbody>
</bshdesc>