<?xml version="1.0" encoding="UTF-8"?>
<!DOCTYPE fault PUBLIC "-//BSH//DTD DITA BSH Bshfaultdiag//EN" "bsh/bshfaultdiag.dtd" [
]>
<!--Arbortext, Inc., 1988-2007, v.4002--><fault>
<faultdesc>Noise after switching off the device</faultdesc>
<causes>
<cause>
<para>Even when the hob is switched off, the fan continues to run until the internal components have completely cooled down.</para>
</cause>
<procedure>
<customer-info>
<para>This is normal operation. The fan will be switched off when the internal components have cooled down sufficiently. This is not a fault.</para>
</customer-info>
</procedure>
</causes>
<causes>
<cause>
<para>The fan never stops.</para>
</cause>
<procedure>
<proced-action>
<step-bsh>Check the temperatures of the <protected>NTCs</protected> of the induction electronics using <protected>iService</protected>.</step-bsh>
</proced-action>
<proced-action>
<condstep>
<condition>If the temperature values of the <protected>NTCs</protected> of any electronics are excessively high</condition>
<step-bsh>replace those electronics.</step-bsh>
</condstep>
</proced-action><?Pub Caret?>
<proced-action>
<condstep>
<condition>If consistent temperature values are measured for the NCTs of all electronics</condition>
<step-bsh>replace the electronics that power the fan.</step-bsh>
</condstep>
</proced-action>
</procedure>
</causes>
</fault>