<?xml version="1.0" encoding="UTF-8"?>
<!DOCTYPE bshtask PUBLIC "-//BSH//DTD DITA BSH Bshtask//EN" "bsh/bshtask.dtd" [
]>
<!--Arbortext, Inc., 1988-2007, v.4002--><bshtask id="SL1314527">
<goal id="SL1314528">Check the <protected>(iService</protected> supply voltage)</goal>
<req-tools>
<req-tool><protected>Kit UDA </protected><article>00341247</article></req-tool>
<req-tool><protected>iService Software</protected></req-tool>
</req-tools>
<prerequisite>
<para>The appliance is not connected to the mains.</para>
</prerequisite>
<bshtaskbody>
<action>
<step-bsh>Open the hob&apos;s <protected>iService</protected> connector cover, located in the lower front area.</step-bsh>
</action>
<action>
<step-bsh>Connect the <protected>UDA</protected> to the hob&apos;s <protected>iService</protected> connector.</step-bsh>
<simple-graphic>
<graphic id="SL1314519"></graphic>
</simple-graphic>
</action>
<action>
<step-bsh>Connect the <protected>UDA</protected> to the <protected>USB</protected> of the laptop computer.</step-bsh>
</action>
<action>
<step-bsh>Connect the appliance to the mains.</step-bsh>
</action>
<action>
<step-bsh>Open the <protected>iService</protected> program. Select <bold>&ldquo;<protected>iService-Monitoring</protected>&rdquo;</bold>.</step-bsh>
</action>
<action>
<step-bsh>Select the &quot;<protected><bold>Electronic modules</bold></protected>&quot; screen.</step-bsh>
</action>
<action>
<step-bsh>The voltage and power frequency values of each <protected>ELIN</protected> are shown at the top of the screen.</step-bsh>
<simple-graphic>
<graphic id="SL1314523"></graphic>
</simple-graphic>
</action>
<action>
<hint>
<para>After using the <protected>iService</protected> , the <bold>connector cover</bold> of the appliance <bold>must be kept closed</bold>, to prevent the user from touching live parts.</para>
<para>If the plastic piece is broken, screw it into the base with the <article>00636639</article> screw.</para><?Pub Caret?>
</hint>
</action>
</bshtaskbody>
</bshtask>