<?xml version="1.0" encoding="UTF-8"?>
<!DOCTYPE fault PUBLIC "-//BSH//DTD DITA BSH Bshfaultdiag//EN" "bsh/bshfaultdiag.dtd" [
]>
<!--Arbortext, Inc., 1988-2007, v.4002--><fault>
<faultdesc>Bad results with the Cooking functions</faultdesc>
<causes>
<cause>
<para>The boiling point is not correctly set for the height above sea level</para>
</cause>
<procedure>
<proced-action>
<step-bsh>Set the boiling point using the basic settings (basic setting &quot;c4&quot;). Information available in the instruction manual and in the circuit diagram &quot;Error codes and service programmes (<protected>ASP</protected>)&quot; in <protected>Quickfinder</protected>.</step-bsh>
</proced-action>
<customer-info>
<para>This setting is explained in the instruction manual so the customer can set it themselves.</para>
</customer-info>
</procedure>
</causes>
<causes>
<cause>
<para>Selection of an unsuitable temperature level</para>
</cause>
<procedure>
<customer-info>
<para>The recommended temperature levels are suitable for each type of cooking. The instruction manual explains what level should be used for each type of frying.</para>
</customer-info>
</procedure>
</causes>
<causes>
<cause>
<para>Incorrect placement of the wireless cooking sensor</para>
</cause>
<procedure>
<proced-action>
<step-bsh>Check that the wireless cooking sensor is stuck to the pot in the correct position, according to the template that comes with that sensor. The wall of the pot must be straight enough for the silicone base to stick to it properly.</step-bsh>
</proced-action>
</procedure>
<procedure>
<proced-action>
<step-bsh>Position the pot so that the wireless cooking sensor is not opposite to another hot pot, so that it does not overheat.</step-bsh>
</proced-action>
</procedure>
<procedure>
<customer-info>
<para>In the instruction manual there is detailed information about preparing and maintaining the wireless sensor.</para>
</customer-info>
</procedure>
</causes>
<causes>
<cause>
<para>Dirt on the measurement window of the wireless cooking sensor</para>
</cause>
<procedure>
<customer-info>
<para>The measurement window of the wireless cooking sensor should be free of dirt and dry. Regularly remove any dirt and grease stains. Clean with a cloth or cotton bud. Do not use hard or rough objects or scouring agents.</para>
</customer-info>
</procedure>
<procedure>
<proced-action>
<simple-hint><bold>The wireless cooking sensor must not be washed in the dishwasher.</bold></simple-hint>
</proced-action>
</procedure>
</causes>
<causes>
<cause>
<para>Liquid residue on the silicone ring attached to the pot</para>
</cause>
<procedure>
<customer-info>
<para>Clean and dry before attaching the wireless cooking sensor.<?Pub Caret?></para>
</customer-info>
</procedure>
</causes>
</fault>