<?xml version="1.0" encoding="UTF-8"?>
<!DOCTYPE fault PUBLIC "-//BSH//DTD DITA BSH Bshfaultdiag//EN" "bsh/bshfaultdiag.dtd" [
]>
<!--Arbortext, Inc., 1988-2007, v.4002--><fault>
<faultdesc>Bad results from the Frying sensor function.</faultdesc>
<causes>
<cause>
<para>Use of unsuitable pots</para>
</cause>
<procedure>
<proced-action>
<step-bsh>Check the pots being used.</step-bsh>
</proced-action>
<proced-action>
<simple-hint>Optimum performance is achieved with the Frying sensor function with the following frying pans: <article>HZ390210</article> with a base of <tech-val> <value>15</value> <unit>cm</unit> </tech-val> in diameter. <article>HZ390220</article> with a base of <tech-val> <value>19</value> <unit>cm</unit> </tech-val> in diameter. <article>HZ390230</article> base of <tech-val> <value>21</value> <unit>cm</unit> </tech-val> in diameter. <article>HZ390240</article> with a base of <tech-val> <value>28</value> <unit>cm</unit> </tech-val> in diameter.</simple-hint>
</proced-action>
<customer-info>
<para>Other types of frying pans may overheat and the temperature may go above or below the selected level. First check with the lowest temperature level and adjust it as required.</para>
</customer-info>
</procedure>
</causes>
<causes>
<cause>
<para>Selection of an unsuitable temperature level</para>
</cause>
<procedure>
<customer-info>
<para>The recommended temperature levels are suitable for each type of cooking. The instruction manual explains what level should be used for each type of frying. </para>
</customer-info>
</procedure>
</causes>
<causes>
<cause>
<para>The frying pan has not been pre-heated when empty</para>
</cause>
<procedure>
<customer-info>
<para>The frying pan should be pre-heated when empty (without oil or food). After the beep (temperature reached), add the oil and the food being fried.</para>
</customer-info>
</procedure>
</causes>
<causes>
<cause>
<para>The initial temperature of the glass and the pot are not similar</para>
</cause>
<procedure>
<customer-info>
<para>The initial temperature of the pot and the glass should be as close as possible. If the cooking zone is hotter than the pot or vice versa, the temperature sensor will not be activated correctly when using the Frying sensor function.</para>
</customer-info>
</procedure><?Pub Caret?>
</causes>
<causes>
<cause>
<para>Incorrect position of the frying pan or unsuitable size (Flex Hobs)</para>
</cause>
<procedure>
<customer-info>
<para>In the case of Flex cooking zones, it is possible that the Frying sensor function will not be activated for different-sized or badly positioned frying pans. Follow the instructions in the instruction manual.</para>
</customer-info>
</procedure>
</causes>
<causes>
<cause>
<para>The frying pan is covered with a lid during frying</para>
</cause>
<procedure>
<customer-info>
<para>Do not cover the frying pan with a lid. Otherwise, the function will not work properly. You can use a protective screen to prevent splashing.</para>
</customer-info>
</procedure>
</causes>
<causes>
<cause>
<para>Excessive amount of oil</para>
</cause>
<procedure>
<customer-info>
<para>As indicated in the instruction manual, the Frying sensor function is designed for frying with little oil. This function is not designed for frying with large amounts of oil. If the hob has automatic Cooking functions with a wireless cooking sensor, the &quot;fry with large amounts of oil&quot; function must be used.</para>
</customer-info>
</procedure>
</causes>
</fault>