<?xml version="1.0" encoding="UTF-8"?>
<!DOCTYPE bshtask PUBLIC "-//BSH//DTD DITA BSH Bshtask//EN" "bsh/bshtask.dtd" [
]>
<!--Arbortext, Inc., 1988-2007, v.4002--><bshtask id="SL1227692">
<goal id="SL1227693">Check the power supplied</goal>
<advance-organizer>
<hint>
<list>
<list-entry>
<para>Use a pot with a flat bottom and place it in the centre of the cooking area being checked. The diameter of the pot&apos;s lower base must be the same as the diameter of the lettering of the cooking zone being checked, with a tolerance of <tech-val> <value>+20/5</value> <unit>mm</unit> </tech-val>.</para>
</list-entry>
</list>
<list>
<list-entry>
<para>Check each cooking zone individually, one by one.</para>
</list-entry>
</list>
<list>
<list-entry>
<para>The powers given are for pots that completely cover the zone and which are not used for regulating.</para>
</list-entry>
</list>
<list>
<list-entry>
<para>The power depends on the supply voltage. Below <tech-val> <value>215</value> <unit>Vrms</unit> </tech-val> input voltage regulation will kick in, reducing the power.</para>
</list-entry>
</list>
<list>
<list-entry>
<para>In any event, the input current will be limited to the hob&apos;s maximum current.</para>
</list-entry>
</list>
<list>
<list-entry>
<para>The power supplied is calculated thus: <protected>P(W)</protected> = <protected>(Wh)</protected> energy consumption* 30. Measure the energy consumption for 2 minutes.</para>
</list-entry>
</list>
</hint>
</advance-organizer>
<bshtaskbody>
<subtask>
<goal id="SL1258142">Measurement of the power supplied without <protected>iService</protected></goal>
<req-tools>
<req-tool>Wattmeter.</req-tool>
<req-tool>Current clamp.</req-tool>
<req-tool>Test pot. See basic manual for recommendations on induction pots.</req-tool>
</req-tools>
<action>
<step-bsh>Fill the recommended pot with water (minimum of <tech-val> <value>1/4</value> <unit>l</unit> </tech-val>). Never empty.</step-bsh>
</action>
<action>
<step-bsh>Activate the booster power level.</step-bsh>
</action>
<action>
<step-bsh>Wait for <tech-val> <value>10-15</value> <unit>seconds</unit> </tech-val> until the power supplied is stable.</step-bsh>
</action>
<action>
<step-bsh>Measure the value obtained and compare with the value table shown below.</step-bsh>
</action>
<action>
<step-bsh>Repeat the same steps for the power supplied at power level 9*.</step-bsh>
</action>
<result-bsh>
<para>If the power supplied falls within the range of tolerances of -10 % / + 5% in relation to the power specified on the table for each type of inductor, the correct power is being supplied by the inductor.</para>
</result-bsh>
</subtask>
<subtask>
<goal id="SL1258143">Comparison between values measured and nominal values</goal>
<advance-organizer>
<table-block layout="layout_001">
<tgrid>
<tgroup cols="4">
<colspec colname="col1" colwidth="1.00*"></colspec>
<colspec colname="COLSPEC1" colwidth="1.40*"></colspec>
<colspec colname="col2" colwidth="0.81*"></colspec>
<colspec colname="col3" colwidth="0.80*"></colspec>
<tbody>
<row>
<entry></entry>
<entry></entry>
<entry colsep="1" nameend="col3" namest="col2">
<para><bold>POWER (W)</bold></para>
</entry>
</row>
<row>
<entry></entry>
<entry></entry>
<entry colsep="1" nameend="col3" namest="col2">
<para><bold>Power level</bold></para>
</entry>
</row>
<row>
<entry>
<para><bold>Inductor</bold></para>
</entry>
<entry>
<para><bold>Configuration</bold></para>
</entry>
<entry>
<para><bold>9</bold></para>
</entry>
<entry>
<para><bold><protected>Booster</protected></bold></para>
</entry>
</row>
<row>
<entry>
<para><tech-val> <value>32</value> <unit>cm</unit> </tech-val> Triple / <protected>Z1</protected></para>
</entry>
<entry>
<simple-graphic>
<graphic id="SL1297004"></graphic></simple-graphic>
</entry>
<entry>
<para>2200</para>
</entry>
<entry>
<para>3700</para>
</entry>
</row>
<row>
<entry>
<para><tech-val> <value>32</value> <unit>cm</unit> </tech-val> Triple / <protected>Z1+Z2</protected></para>
</entry>
<entry>
<simple-graphic>
<graphic id="SL1297073"></graphic></simple-graphic>
</entry>
<entry>
<para>2600</para>
</entry>
<entry>
<para>3700</para>
<para>SuperBooster 4400</para>
</entry>
</row>
<row>
<entry>
<para><tech-val> <value>32</value> <unit>cm</unit> </tech-val> Triple / <protected>Z1+Z2+Z3</protected></para>
</entry>
<entry>
<simple-graphic>
<graphic id="SL1297077"></graphic></simple-graphic>
</entry>
<entry>
<para>3300</para>
</entry>
<entry>
<para>3700</para>
<para>SuperBooster 5500</para>
</entry>
</row>
<row>
<entry>
<para><tech-val> <value>28</value> <unit>cm</unit> </tech-val></para>
</entry>
<entry></entry>
<entry>
<para>2600</para>
</entry>
<entry>
<para>3700</para>
</entry>
</row>
<row>
<entry>
<para><tech-val> <value>24</value> <unit>cm</unit> </tech-val></para>
</entry>
<entry></entry>
<entry>
<para>2200</para>
</entry>
<entry>
<para>3700</para>
</entry>
</row>
<row>
<entry>
<para><tech-val> <value>21</value> <unit>cm</unit> </tech-val></para>
</entry>
<entry></entry>
<entry>
<para>2200</para>
</entry>
<entry>
<para>3700</para>
</entry>
</row>
<row>
<entry>
<para><tech-val> <value>18</value> <unit>cm</unit> </tech-val></para>
</entry>
<entry></entry>
<entry>
<para>1800</para>
</entry>
<entry>
<para>3100</para>
</entry>
</row>
<row>
<entry>
<para><tech-val> <value>15</value> <unit>cm</unit> </tech-val></para>
</entry>
<entry></entry>
<entry>
<para>1400</para>
</entry>
<entry>
<para>2200</para>
</entry>
</row>
<row>
<entry morerows="1" rowsep="1">
<para><tech-val> <value>18</value> <unit>cm</unit> </tech-val> + roaster (<protected>Bräter</protected>)</para>
</entry>
<entry>
<simple-graphic>
<graphic id="SL1297106"></graphic></simple-graphic>
</entry>
<entry>
<para>1800</para>
</entry>
<entry>
<para>3100</para>
</entry>
</row>
<row>
<entry>
<simple-graphic>
<graphic id="SL1297110"></graphic></simple-graphic>
</entry>
<entry>
<para>2000</para>
</entry>
<entry>
<para>3700</para>
</entry>
</row>
<row>
<entry rowsep="1">
<para>CombiZone (18-18 &amp; 21-21)</para>
</entry>
<entry>
<simple-graphic>
<graphic id="SL1297093"></graphic></simple-graphic>
</entry>
<entry>
<para>3600</para>
</entry>
<entry>
<para>---</para>
</entry>
</row>
<row>
<entry>
<para><protected>Flex</protected> - 1 inductor</para>
</entry>
<entry>
<simple-graphic>
<graphic id="SL1297144"></graphic></simple-graphic>
</entry>
<entry>
<para>1100</para>
</entry>
<entry>
<para>1850</para>
</entry>
</row>
<row>
<entry>
<para><protected>Flex</protected> - 2 inductors</para>
</entry>
<entry>
<simple-graphic>
<graphic id="SL1297123"></graphic></simple-graphic>
</entry>
<entry>
<para>2200</para>
</entry>
<entry>
<para>3700</para>
</entry>
</row>
<row>
<entry morerows="1" rowsep="1">
<para><protected>Flex</protected> - 3 inductors</para>
</entry>
<entry>
<simple-graphic>
<graphic id="SL1297124"></graphic></simple-graphic>
</entry>
<entry>
<para>2600</para>
</entry>
<entry>
<para>3700</para>
</entry>
</row>
<row>
<entry>
<simple-graphic>
<graphic id="SL1297154"></graphic></simple-graphic>
</entry>
<entry>
<para>2600</para>
</entry>
<entry>
<para>3700</para>
</entry>
</row>
<row>
<entry morerows="1" rowsep="1">
<para><protected>Flex</protected> - 4 inductors</para>
</entry>
<entry>
<simple-graphic>
<graphic id="SL1297158"></graphic></simple-graphic>
</entry>
<entry>
<para>3300</para>
</entry>
<entry>
<para>3700</para>
</entry>
</row>
<row>
<entry>
<simple-graphic>
<graphic id="SL1297125"></graphic></simple-graphic>
</entry>
<entry>
<para>3300</para>
</entry>
<entry>
<para>3700</para>
</entry>
</row>
<row>
<entry>
<para>Warming plate element</para>
</entry>
<entry></entry>
<entry colsep="1" nameend="col3" namest="col2">
<para>90</para>
</entry>
</row>
</tbody>
</tgroup>
</tgrid>
<ttitle id="SL1257857">Nominal powers for each power level.</ttitle>
</table-block>
</advance-organizer>
<action></action>
</subtask>
<subtask>
<goal id="SL1303565">Check the power with <protected>iService-Monitoring</protected></goal>
<req-tools>
<req-tool><protected>Kit UDA</protected> <article>00341247</article></req-tool>
<req-tool><protected>iService Software</protected></req-tool>
</req-tools>
<prerequisite>
<para>The appliance is not connected to the mains.</para>
</prerequisite>
<action>
<step-bsh>Open the hob&apos;s <protected>iService</protected> connector cover, located in the lower front area.</step-bsh>
</action>
<action>
<step-bsh>Connect the <protected>UDA</protected> to the hob&apos;s <protected>iService</protected> connector.</step-bsh>
<simple-graphic>
<graphic id="SL1303560"></graphic></simple-graphic>
</action>
<action>
<step-bsh>Connect the <protected>UDA</protected> to the <protected>USB</protected> of the laptop computer.</step-bsh>
</action>
<action>
<step-bsh>Connect the appliance to the mains.</step-bsh>
</action>
<action>
<step-bsh>Open the program <protected>iService</protected>. Select &quot;<bold><protected>Monitoring</protected></bold>&quot;.</step-bsh>
</action>
<action>
<step-bsh>Correctly position the pot with approximately <tech-val> <value>200 ml</value> <unit>ml</unit> </tech-val> of water, at room temperature, on the most suitable cooking zone for the diameter of the bottom of the pot.</step-bsh>
</action>
<action>
<step-bsh>Activate the zone at the desired power level.</step-bsh>
<simple-graphic>
<graphic id="SL1303566"></graphic><?Pub Caret?>
</simple-graphic>
<result-bsh>
<para>The active inductors are shown in red.</para>
<para>The actual power output value (&quot;<protected><bold>W DEL.</bold></protected>&quot;) and nominal (ideal) power value are shown for the selected power level (&quot;<protected><bold>W EST.</bold></protected>&quot;).</para>
</result-bsh>
</action>
<action>
<hint>
<para>After using the <protected>iService</protected> , the <bold>connector cover</bold> of the appliance <bold>must be kept closed</bold>, to prevent the user from touching live parts.</para>
<para>If the plastic piece is broken, screw it into the base with the <article>00636639</article> screw.</para>
</hint>
</action>
</subtask>
</bshtaskbody>
</bshtask>