<?xml version="1.0" encoding="UTF-8"?>
<!DOCTYPE bshtask PUBLIC "-//BSH//DTD DITA BSH Bshtask//EN" "bsh/bshtask.dtd" [
]>
<!--Arbortext, Inc., 1988-2007, v.4002--><bshtask id="SL941832">
<goal id="SL941833">Check residual heat indication</goal>
<req-tools>
<req-tool>Thermometer <protected>GTH1170 </protected><article>00341176</article></req-tool>
<req-tool>Surface temperature sensor <article>00340961</article></req-tool>
<req-tool><protected>Kit UDA</protected> <article>00341247</article><protected> iService Software</protected></req-tool>
</req-tools>
<bshtaskbody>
<subtask>
<goal id="SL941838">Residual heat indication</goal>
<advance-organizer>
<para>The residual heat indication is displayed when a specific temperature is measured by the inductor&apos;s central NTC.</para>
<list>
<list-entry>
<para>The residual heat indication is not displayed while the cooking zone is switched on.</para>
</list-entry>
</list>
<list>
<list-entry>
<para>The residual heat indication is only displayed when the cooking zone is switched off or when there is no pot on the cooking zone.</para>
</list-entry>
</list>
<list>
<list-entry>
<para>There are two levels indicating residual heat.</para>
</list-entry>
</list>
<media>
<graphic-block>
<graphic id="SL1244236"></graphic>
<title-graphic id="SL1244237">Residual heat indication based on the temperature measured by the inductor&apos;s central <protected>NTC</protected>.</title-graphic>
</graphic-block>
</media>
</advance-organizer>
<action>
<step-bsh><protected>&quot;h&quot;</protected> is displayed when the temperature of the inductor&apos;s <protected>NTC</protected> is higher than <tech-val> <value>50</value> <unit>&ordm;C</unit> </tech-val> and lower than <tech-val> <value>70</value> <unit>&ordm;C</unit> </tech-val> </step-bsh>
</action>
<action>
<step-bsh>The <protected>h</protected> disappears when the temperature is below <tech-val> <value>48</value> <unit>&ordm;C</unit>.</tech-val></step-bsh>
</action>
<action>
<step-bsh>&quot;H&quot; is displayed when the temperature of the inductor&apos;s <protected>NTC</protected> is above <tech-val> <value>70</value> <unit>&ordm;C.</unit> </tech-val>  </step-bsh>
</action>
<action>
<step-bsh>The H disappears when the temperature is below <tech-val> <value>68</value> <unit>&ordm;C</unit> </tech-val></step-bsh>
</action>
</subtask>
<subtask>
<goal id="SL941840">Measure the temperature in the inductor.</goal>
<advance-organizer>
<hint>
<para>Do not touch the cooking zone indicating <bold>&quot;<protected>H</protected>&quot;</bold>. Risk of burns.</para>
</hint>
</advance-organizer>
<action>
<step-bsh>Measure the temperature on the glass in the centre of the inductor. If you have <protected>iService</protected>, the temperature of the inductor <protected>NTC</protected> can be checked using the <bold><protected>&quot;Monitoring&quot;</protected></bold> function.</step-bsh>
</action>
<action>
<step-bsh>Compare the value measured with the temperature values for activating <protected>“h/H”</protected>.</step-bsh>
</action>
<action>
<condstep>
<condition>If there is a notable difference between the values,</condition>
<maintenance-link id="SL1239351"><?Pub Caret?>check the inductor&apos;s NTC.</maintenance-link>
</condstep>
</action>
</subtask>
</bshtaskbody>
</bshtask>