<?xml version="1.0" encoding="UTF-8"?>
<!DOCTYPE bshtask PUBLIC "-//BSH//DTD DITA BSH Bshtask//EN" "bsh/bshtask.dtd" [
]>
<!--Arbortext, Inc., 1988-2007, v.4002--><bshtask id="SL1228117">
<goal id="SL1228118">Disassembly / Assembly of the aluminium plate</goal>
<bshtaskbody>
<subtask>
<goal id="SL1242695">Disassembly of aluminium plate</goal>
<prerequisite>
<list>
<list-entry>
<para>The appliance has to be disconnected from the mains.</para>
</list-entry>
</list>
<list>
<list-entry>
<para>The appliance has been removed from the worktop.</para>
</list-entry>
</list>
</prerequisite>
<embed-warning id="SL1295498">

</embed-warning>
<embed-warning id="SL1295502">

</embed-warning>
<action>
<maintenance-link id="SL1289458">Remove the glass-ceramic.</maintenance-link>
</action>
<action>
<maintenance-link id="SL1289462">Remove the operating module.</maintenance-link>
</action>
<action>
<maintenance-link id="SL1289466">Remove the cooking aid module.</maintenance-link>
</action>
<action>
<maintenance-link id="SL1289470">Release the inductors.</maintenance-link>
</action>
<action>
<step-bsh>Remove the corner guards. These guards are only used if the glass has an inner coating.</step-bsh>
<simple-graphic>
<graphic id="SL1313495"></graphic>
</simple-graphic>
</action>
<action>
<step-bsh>Remove the aluminium plate.</step-bsh>
<simple-graphic>
<graphic id="SL1290633"></graphic></simple-graphic>
</action>
</subtask>
<subtask>
<goal id="SL1242696">Assembly of aluminium plate</goal>
<notice>
<source-of-danger>Damage to the <protected>NTC</protected> wires!</source-of-danger>
<step-bsh>The wires should not be pulled tight over the edge of the aluminium plate.</step-bsh>
<step-bsh>The wires should not be trapped between the inductor bracket and the aluminium plate.</step-bsh>
<step-bsh>The wires should not be trapped between the frame and the aluminium plate.</step-bsh>
</notice>
<action>
<step-bsh>Follow the disassembly instructions in reverse order.</step-bsh>
</action>
<action>
<condstep>
<condition>If the appliance&apos;s operating <desc-link id="SL1311931">module has a TFT screen or Neff TwistPad,</desc-link></condition>
<step-bsh>It must <bold>ALWAYS be calibrated</bold> after any repairs, with the glass fitted and the appliance installed in its place. Requirement tool: for <protected>TFT</protected> <article>15000283</article>.</step-bsh>
<step-bsh>See circuit diagram &quot;Error codes and service programmes (<protected>ASP</protected>)&quot; in <protected>QuickFinder</protected>.</step-bsh>
</condstep>
</action>
<action>
<condstep>
<condition>If the appliance has a <desc-link id="SL1311936"><?Pub Caret?>PDS detection system,</desc-link></condition>
<step-bsh>It must <bold>ALWAYS be calibrated</bold> after any repairs, with the glass fitted and the appliance installed in its place. The glass should not be hot and there should be no pots or other objects on the glass.</step-bsh>
<step-bsh>See circuit diagram &quot;Error codes and service programmes (<protected>ASP</protected>)&quot; in <protected>QuickFinder</protected>.</step-bsh>
</condstep>
</action>
</subtask>
</bshtaskbody>
</bshtask>