<?xml version="1.0" encoding="UTF-8"?>
<!DOCTYPE fault PUBLIC "-//BSH//DTD DITA BSH Bshfaultdiag//EN" "bsh/bshfaultdiag.dtd" [
]>
<!--Arbortext, Inc., 1988-2007, v.4002--><fault>
<faultdesc>Excessive vibrating noise from the fan</faultdesc>
<causes>
<cause>
<para>Fan not properly secured to its housing</para>
</cause>
<procedure>
<proced-action>
<step-bsh>Correctly mount the fan on its housing.</step-bsh>
</proced-action><?Pub Caret?>
</procedure>
</causes>
<causes>
<cause>
<para>One of the fan&apos;s mounting clips has broken</para>
</cause>
<procedure>
<proced-action>
<step-bsh>Screw the fan into its plastic housing, in any of the two holes shown in the picture, using the screw with spare part code <article>00636640</article> <inline-graphic id="SL1300892"></inline-graphic></step-bsh>
</proced-action>
</procedure>
</causes>
</fault>