<?xml version="1.0" encoding="UTF-8"?>
<!DOCTYPE fault PUBLIC "-//BSH//DTD DITA BSH Bshfaultdiag//EN" "bsh/bshfaultdiag.dtd" [
]>
<!--Arbortext, Inc., 1988-2007, v.4002--><fault>
<faultdesc>The Cooking Functions cannot be enabled</faultdesc>
<causes>
<cause>
<para>The appliance does not have this function</para>
</cause>
<procedure>
<customer-info>
<para>Not all appliances have this function.</para>
</customer-info>
</procedure>
</causes>
<causes>
<cause>
<para>The wireless cooking sensor has not been paired with the operating module</para>
</cause>
<procedure>
<proced-action>
<step-bsh>Connect the wireless cooking sensor to the control panel using the basic settings menu (<display>c14</display>).</step-bsh>
</proced-action>
<maintenance-link id="SL1304361">Connect the wireless cooking sensor to the control panel.</maintenance-link>
<customer-info>
<para>If the hob is equipped for Cooking Functions but the user does not have a wireless cooking sensor, they can buy one through the store or Customer Services. (<protected>Bosch</protected>: <article>00578492</article>; <protected>Neff</protected>: <article>00578493</article>; <protected>Siemens</protected>: <?Pub Caret?><article>00578494</article>.</para>
</customer-info>
</procedure>
</causes>
</fault>