<?xml version="1.0" encoding="UTF-8"?>
<!DOCTYPE bshtask PUBLIC "-//BSH//DTD DITA BSH Bshtask//EN" "bsh/bshtask.dtd" [
]>
<!--Arbortext, Inc., 1988-2007, v.4002--><bshtask id="SL1228117">
<goal id="SL1228118">Disassembly / Assembly of fan</goal>
<bshtaskbody>
<subtask>
<goal id="SL1259465">Disassembly of fan</goal>
<prerequisite>
<list>
<list-entry>
<para>The appliance has to be disconnected from the mains.</para>
</list-entry>
<list-entry>
<para>The appliance has been removed from the worktop.</para>
</list-entry>
</list>
</prerequisite>
<embed-warning id="SL1295548">

</embed-warning>
<embed-warning id="SL1295552">

</embed-warning>
<action>
<maintenance-link id="SL1284639">Remove the glass-ceramic.</maintenance-link>
</action>
<action>
<maintenance-link id="SL1313620">Disconnect the cooking aid module.</maintenance-link>
</action>
<action>
<maintenance-link id="SL1290720">Remove the operating module.</maintenance-link>
</action>
<action>
<maintenance-link id="SL1290728">Release the inductors.</maintenance-link>
</action>
<action>
<maintenance-link id="SL1290732">Remove the aluminium plate.</maintenance-link>
</action>
<action>
<step-bsh>Remove the fan&apos;s connector.</step-bsh>
<simple-graphic>
<graphic id="SL1293857"></graphic></simple-graphic>
</action>
<action>
<step-bsh>Remove the wire from its guide.</step-bsh>
</action>
<action>
<step-bsh>Release the mounting clips and lift the fan out.</step-bsh>
<simple-graphic>
<graphic id="SL1290736"></graphic></simple-graphic>
<simple-graphic>
<graphic id="SL1293873"></graphic></simple-graphic>
</action>
</subtask>
<subtask>
<goal id="SL1259466">Assembly of fan</goal>
<notice>
<source-of-danger>If any mounting clips are broken</source-of-danger>
<step-bsh>The screw must be tightened to avoid any noise and ensure proper operation.</step-bsh>
<step-bsh>Spare part code for the screw: <article>00636640</article> <inline-graphic id="SL1299745"></inline-graphic></step-bsh>
</notice>
<notice>
<source-of-danger>Damage to the <protected>NTC</protected> wires!</source-of-danger>
<step-bsh>The wires should not be pulled tight over the edge of the aluminium plate.</step-bsh>
<step-bsh>The wires should not be trapped between the inductor bracket and the aluminium plate.</step-bsh>
<step-bsh>The wires should not be trapped between the frame and the aluminium plate.</step-bsh>
</notice>
<action>
<step-bsh>Follow the disassembly instructions in reverse order.</step-bsh>
</action>
<action>
<condstep>
<condition>If the appliance&apos;s operating <desc-link id="SL1311979">module has a TFT screen or Neff TwistPad,</desc-link> </condition>
<step-bsh>It must <bold>ALWAYS be calibrated</bold> after any repairs, with the glass fitted and the appliance installed in its place. Requirement tool: for <protected>TFT</protected> <article>15000283</article>.</step-bsh>
<step-bsh>See circuit diagram &quot;Error codes and service programmes (<protected>ASP</protected>)&quot; in <protected>QuickFinder</protected>.</step-bsh>
</condstep>
</action>
<action>
<condstep>
<condition>If the appliance has a <desc-link id="SL1311984"><?Pub Caret?>PDS detection system,</desc-link></condition>
<step-bsh>It must <bold>ALWAYS be calibrated</bold> after any repairs, with the glass fitted and the appliance installed in its place. The glass should not be hot and there should be no pots or other objects on the glass.</step-bsh>
<step-bsh>See circuit diagram &quot;Error codes and service programmes (<protected>ASP</protected>)&quot; in <protected>QuickFinder</protected>.</step-bsh>
</condstep>
</action>
</subtask>
</bshtaskbody>
</bshtask>