<?xml version="1.0" encoding="UTF-8"?>
<!DOCTYPE fault PUBLIC "-//BSH//DTD DITA BSH Bshfaultdiag//EN" "bsh/bshfaultdiag.dtd" [
]>
<!--Arbortext, Inc., 1988-2007, v.4002--><fault>
<faultdesc>It is not possible to increase the power level of some cooking zones</faultdesc>
<fault-detail>For example, it does not go above 4.</fault-detail>
<causes>
<cause>
<para>The total power of the hob has previously been limited using the &quot;<protected>Power-Management</protected>&quot; function (it is shipped without being limited).</para>
</cause>
<procedure>
<customer-info>
<para>If the contracted power so permits, disable the limitation or select a higher limit.</para>
</customer-info>
<proced-action>
<simple-hint>See basic settings in the instructions for use.</simple-hint>
</proced-action>
</procedure>
</causes>
</fault><?Pub Caret?>