<?xml version="1.0" encoding="UTF-8"?>
<!DOCTYPE fault PUBLIC "-//BSH//DTD DITA BSH Bshfaultdiag//EN" "bsh/bshfaultdiag.dtd" [
]>
<!--Arbortext, Inc., 1988-2007, v.4002--><fault>
<faultdesc>Damage to the glass-ceramic</faultdesc>
<causes>
<cause>
<para>---</para>
</cause>
<procedure>
<proced-action>
<simple-hint>See instructions in the repair manual &quot;Damage to the glass-ceramic&quot; published in <protected>QF.</protected>.</simple-hint>
</proced-action>
<customer-info>
<para>In most cases damage to the glass is not covered by <?Pub Caret?> the manufacturer&apos;s warranty.</para>
</customer-info>
</procedure>
</causes>
</fault>