<?xml version="1.0" encoding="UTF-8"?>
<!DOCTYPE bshtask PUBLIC "-//BSH//DTD DITA BSH Bshtask//EN" "bsh/bshtask.dtd" [
]>
<!--Arbortext, Inc., 1988-2007, v.4002--><bshtask id="SL1227692">
<goal id="SL1227693">Check the ventilation of the electrical appliance in the worktop</goal>
<prerequisite>
<para>To ensure the correct operation of the appliance, it must be properly ventilated.</para>
<para>The fan at the back of the appliance must draw a sufficient flow of fresh air, so the worktop must be adapted for that purpose.</para>
</prerequisite>
<bshtaskbody>
<hint>
<para>The following are general instructions to ensure proper ventilation. You should view the installation manual for the specific model of the appliance for further details.</para>
</hint>
<action>
<step-bsh>Check that there is a minimum distance of <tech-val> <value>20</value> <unit>mm</unit> </tech-val> between the rear of the worktop and the kitchen wall.</step-bsh>
<simple-graphic>
<graphic id="SL1240914"></graphic>
</simple-graphic>
</action>
<action>
<step-bsh>If there is not a minimum distance of <tech-val> <value>20</value> <unit>mm</unit> </tech-val> at the rear of the worktop, an opening must be made at the bottom of it.</step-bsh>
<simple-graphic>
<graphic id="SL1240915"></graphic>
</simple-graphic>
</action>
<action>
<step-bsh>Check that there is an opening at the top of the rear of the worktop. The height X differs with each specific model. Check the installation manual.</step-bsh>
<simple-graphic>
<graphic id="SL1240916"></graphic>
</simple-graphic>
</action>
<action>
<step-bsh>Check if there is a minimum distance between the rear of the hob and the drawer or oven installed below it. There must be a minimum distance of <tech-val> <value>5</value> <unit>mm</unit> </tech-val>.</step-bsh>
<simple-graphic>
<graphic id="SL1240917"></graphic><?Pub Caret?>
</simple-graphic>
</action>
</bshtaskbody>
</bshtask>